row_type	platform	method1	method2	run1	run2	stratum	level	n_union	n_common	n_positive_both	spearman_rank	positive_call_agreement	threshold_TPM	threshold_call_agreement	both_detected	first_only	second_only	neither
method_run_inventory	Illumina	salmon_sr	NA	GIS_K562_Illumina_Rep3-Run1	NA	all	all	200310	198569	88661	NA	NA	NA	NA	NA	NA	NA	NA
within_method_replicates	Illumina	salmon_sr	salmon_sr	GIS_K562_Illumina_Rep3-Run1	GIS_K562_Illumina_Rep4-Run1	all	all	198569	198569	73060	0.8111854720737991	0.8494880872643766	0.1	0.8662228243079232	66656.0	13421.0	13143.0	105349.0
within_method_replicates	Illumina	salmon_sr	salmon_sr	GIS_K562_Illumina_Rep3-Run1	GIS_K562_Illumina_Rep4-Run1	all	all	198569	198569	73060	0.8111854720737991	0.8494880872643766	1.0	0.9249328948627429	36542.0	6504.0	8402.0	147121.0
within_method_replicates	Illumina	salmon_sr	salmon_sr	GIS_K562_Illumina_Rep3-Run1	GIS_K562_Illumina_Rep4-Run1	all	all	198569	198569	73060	0.8111854720737991	0.8494880872643766	5.0	0.9732888819503548	13544.0	1943.0	3361.0	179721.0
within_method_replicates	Illumina	salmon_sr	salmon_sr	GIS_K562_Illumina_Rep3-Run1	GIS_k562_Illumina_Rep5-Run1	all	all	198569	198569	72522	0.8083741961893262	0.8482895114544566	0.1	0.8648933116448186	66302.0	13775.0	13053.0	105439.0
within_method_replicates	Illumina	salmon_sr	salmon_sr	GIS_K562_Illumina_Rep3-Run1	GIS_k562_Illumina_Rep5-Run1	all	all	198569	198569	72522	0.8083741961893262	0.8482895114544566	1.0	0.9237645352497117	36174.0	6872.0	8266.0	147257.0
within_method_replicates	Illumina	salmon_sr	salmon_sr	GIS_K562_Illumina_Rep3-Run1	GIS_k562_Illumina_Rep5-Run1	all	all	198569	198569	72522	0.8083741961893262	0.8482895114544566	5.0	0.9743968091696086	13439.0	2048.0	3036.0	180046.0
method_run_inventory	Illumina	salmon_sr	NA	GIS_K562_Illumina_Rep4-Run1	NA	all	all	200310	198569	87346	NA	NA	NA	NA	NA	NA	NA	NA
within_method_replicates	Illumina	salmon_sr	salmon_sr	GIS_K562_Illumina_Rep4-Run1	GIS_k562_Illumina_Rep5-Run1	all	all	198569	198569	72665	0.8222986247184413	0.8563521999909351	0.1	0.8726689463108541	66935.0	12864.0	12420.0	106350.0
within_method_replicates	Illumina	salmon_sr	salmon_sr	GIS_K562_Illumina_Rep4-Run1	GIS_k562_Illumina_Rep5-Run1	all	all	198569	198569	72665	0.8222986247184413	0.8563521999909351	1.0	0.9334740065166265	38087.0	6857.0	6353.0	147272.0
within_method_replicates	Illumina	salmon_sr	salmon_sr	GIS_K562_Illumina_Rep4-Run1	GIS_k562_Illumina_Rep5-Run1	all	all	198569	198569	72665	0.8222986247184413	0.8563521999909351	5.0	0.9811753093383156	14821.0	2084.0	1654.0	180010.0
method_run_inventory	Illumina	salmon_sr	NA	GIS_k562_Illumina_Rep5-Run1	NA	all	all	200310	198569	86508	NA	NA	NA	NA	NA	NA	NA	NA
method_run_inventory	Illumina	rsem_sr	NA	GIS_K562_Illumina_Rep3-Run1	NA	all	all	200310	200310	85322	NA	NA	NA	NA	NA	NA	NA	NA
within_method_replicates	Illumina	rsem_sr	rsem_sr	GIS_K562_Illumina_Rep3-Run1	GIS_K562_Illumina_Rep4-Run1	all	all	200310	200310	68874	0.8013442215255436	0.8445559382956418	0.1	0.863341820178723	62806.0	13978.0	13396.0	110130.0
within_method_replicates	Illumina	rsem_sr	rsem_sr	GIS_K562_Illumina_Rep3-Run1	GIS_K562_Illumina_Rep4-Run1	all	all	200310	200310	68874	0.8013442215255436	0.8445559382956418	1.0	0.9340871648944137	32887.0	5818.0	7385.0	154220.0
within_method_replicates	Illumina	rsem_sr	rsem_sr	GIS_K562_Illumina_Rep3-Run1	GIS_K562_Illumina_Rep4-Run1	all	all	200310	200310	68874	0.8013442215255436	0.8445559382956418	5.0	0.9773700763816086	12845.0	1727.0	2806.0	182932.0
within_method_replicates	Illumina	rsem_sr	rsem_sr	GIS_K562_Illumina_Rep3-Run1	GIS_k562_Illumina_Rep5-Run1	all	all	200310	200310	68576	0.7975447459611589	0.8427886775497978	0.1	0.861299985023214	62642.0	14142.0	13641.0	109885.0
within_method_replicates	Illumina	rsem_sr	rsem_sr	GIS_K562_Illumina_Rep3-Run1	GIS_k562_Illumina_Rep5-Run1	all	all	200310	200310	68576	0.7975447459611589	0.8427886775497978	1.0	0.9335030702411262	32692.0	6013.0	7307.0	154298.0
within_method_replicates	Illumina	rsem_sr	rsem_sr	GIS_K562_Illumina_Rep3-Run1	GIS_k562_Illumina_Rep5-Run1	all	all	200310	200310	68576	0.7975447459611589	0.8427886775497978	5.0	0.9784234436623234	12771.0	1801.0	2521.0	183217.0
method_run_inventory	Illumina	rsem_sr	NA	GIS_K562_Illumina_Rep4-Run1	NA	all	all	200310	200310	83563	NA	NA	NA	NA	NA	NA	NA	NA
within_method_replicates	Illumina	rsem_sr	rsem_sr	GIS_K562_Illumina_Rep4-Run1	GIS_k562_Illumina_Rep5-Run1	all	all	200310	200310	68847	0.8162603417154968	0.8542758723977835	0.1	0.8721232090260097	63435.0	12767.0	12848.0	111260.0
within_method_replicates	Illumina	rsem_sr	rsem_sr	GIS_K562_Illumina_Rep4-Run1	GIS_k562_Illumina_Rep5-Run1	all	all	200310	200310	68847	0.8162603417154968	0.8542758723977835	1.0	0.9436822924467076	34495.0	5777.0	5504.0	154534.0
within_method_replicates	Illumina	rsem_sr	rsem_sr	GIS_K562_Illumina_Rep4-Run1	GIS_k562_Illumina_Rep5-Run1	all	all	200310	200310	68847	0.8162603417154968	0.8542758723977835	5.0	0.9849283610403874	13962.0	1689.0	1330.0	183329.0
method_run_inventory	Illumina	rsem_sr	NA	GIS_k562_Illumina_Rep5-Run1	NA	all	all	200310	200310	83321	NA	NA	NA	NA	NA	NA	NA	NA
method_run_inventory	directRNA	salmon_lr	NA	SGNex_K562_directRNA_replicate1_run1	NA	all	all	200310	200310	19072	NA	NA	NA	NA	NA	NA	NA	NA
within_method_replicates	directRNA	salmon_lr	salmon_lr	SGNex_K562_directRNA_replicate1_run1	SGNex_K562_directRNA_replicate4_run1	all	all	200310	200310	13852	0.6698584524553316	0.9332185113074735	0.1	0.9332085267834856	13850.0	5221.0	8158.0	173081.0
within_method_replicates	directRNA	salmon_lr	salmon_lr	SGNex_K562_directRNA_replicate1_run1	SGNex_K562_directRNA_replicate4_run1	all	all	200310	200310	13852	0.6698584524553316	0.9332185113074735	1.0	0.9335929309570167	13832.0	5219.0	8083.0	173176.0
within_method_replicates	directRNA	salmon_lr	salmon_lr	SGNex_K562_directRNA_replicate1_run1	SGNex_K562_directRNA_replicate4_run1	all	all	200310	200310	13852	0.6698584524553316	0.9332185113074735	5.0	0.9728021566571814	9306.0	2871.0	2577.0	185556.0
within_method_replicates	directRNA	salmon_lr	salmon_lr	SGNex_K562_directRNA_replicate1_run1	SGNex_K562_directRNA_replicate5_run1	all	all	200310	200310	13653	0.6648553539120272	0.9330637511856622	0.1	0.9330537666616744	13651.0	5420.0	7990.0	173249.0
within_method_replicates	directRNA	salmon_lr	salmon_lr	SGNex_K562_directRNA_replicate1_run1	SGNex_K562_directRNA_replicate5_run1	all	all	200310	200310	13653	0.6648553539120272	0.9330637511856622	1.0	0.9332684339274125	13636.0	5415.0	7952.0	173307.0
within_method_replicates	directRNA	salmon_lr	salmon_lr	SGNex_K562_directRNA_replicate1_run1	SGNex_K562_directRNA_replicate5_run1	all	all	200310	200310	13653	0.6648553539120272	0.9330637511856622	5.0	0.9715640756826919	9108.0	3069.0	2627.0	185506.0
within_method_replicates	directRNA	salmon_lr	salmon_lr	SGNex_K562_directRNA_replicate1_run1	SGNex_K562_directRNA_replicate6_run1	all	all	200310	200310	14408	0.6610881484557423	0.926843392741251	0.1	0.9268334082172632	14406.0	4665.0	9991.0	171248.0
within_method_replicates	directRNA	salmon_lr	salmon_lr	SGNex_K562_directRNA_replicate1_run1	SGNex_K562_directRNA_replicate6_run1	all	all	200310	200310	14408	0.6610881484557423	0.926843392741251	1.0	0.9426289251659927	13365.0	5686.0	5806.0	175453.0
within_method_replicates	directRNA	salmon_lr	salmon_lr	SGNex_K562_directRNA_replicate1_run1	SGNex_K562_directRNA_replicate6_run1	all	all	200310	200310	14408	0.6610881484557423	0.926843392741251	5.0	0.9715191453247466	9363.0	2814.0	2891.0	185242.0
method_run_inventory	directRNA	salmon_lr	NA	SGNex_K562_directRNA_replicate4_run1	NA	all	all	200310	200310	22009	NA	NA	NA	NA	NA	NA	NA	NA
within_method_replicates	directRNA	salmon_lr	salmon_lr	SGNex_K562_directRNA_replicate4_run1	SGNex_K562_directRNA_replicate5_run1	all	all	200310	200310	15098	0.685914324994415	0.9328291148719485	0.1	0.9328291148719485	15097.0	6911.0	6544.0	171758.0
within_method_replicates	directRNA	salmon_lr	salmon_lr	SGNex_K562_directRNA_replicate4_run1	SGNex_K562_directRNA_replicate5_run1	all	all	200310	200310	15098	0.685914324994415	0.9328291148719485	1.0	0.9331785732115221	15059.0	6856.0	6529.0	171866.0
within_method_replicates	directRNA	salmon_lr	salmon_lr	SGNex_K562_directRNA_replicate4_run1	SGNex_K562_directRNA_replicate5_run1	all	all	200310	200310	15098	0.685914324994415	0.9328291148719485	5.0	0.9764265388647596	9448.0	2435.0	2287.0	186140.0
within_method_replicates	directRNA	salmon_lr	salmon_lr	SGNex_K562_directRNA_replicate4_run1	SGNex_K562_directRNA_replicate6_run1	all	all	200310	200310	16062	0.6866585159691626	0.9286955219409915	0.1	0.9286955219409915	16061.0	5947.0	8336.0	169966.0
within_method_replicates	directRNA	salmon_lr	salmon_lr	SGNex_K562_directRNA_replicate4_run1	SGNex_K562_directRNA_replicate6_run1	all	all	200310	200310	16062	0.6866585159691626	0.9286955219409915	1.0	0.9407817882282462	14612.0	7303.0	4559.0	173836.0
within_method_replicates	directRNA	salmon_lr	salmon_lr	SGNex_K562_directRNA_replicate4_run1	SGNex_K562_directRNA_replicate6_run1	all	all	200310	200310	16062	0.6866585159691626	0.9286955219409915	5.0	0.97663122160651	9728.0	2155.0	2526.0	185901.0
method_run_inventory	directRNA	salmon_lr	NA	SGNex_K562_directRNA_replicate5_run1	NA	all	all	200310	200310	21642	NA	NA	NA	NA	NA	NA	NA	NA
within_method_replicates	directRNA	salmon_lr	salmon_lr	SGNex_K562_directRNA_replicate5_run1	SGNex_K562_directRNA_replicate6_run1	all	all	200310	200310	15864	0.6841652576277363	0.9285507463431681	0.1	0.928560730867156	15864.0	5777.0	8533.0	170136.0
within_method_replicates	directRNA	salmon_lr	salmon_lr	SGNex_K562_directRNA_replicate5_run1	SGNex_K562_directRNA_replicate6_run1	all	all	200310	200310	15864	0.6841652576277363	0.9285507463431681	1.0	0.941785232889022	14549.0	7039.0	4622.0	174100.0
within_method_replicates	directRNA	salmon_lr	salmon_lr	SGNex_K562_directRNA_replicate5_run1	SGNex_K562_directRNA_replicate6_run1	all	all	200310	200310	15864	0.6841652576277363	0.9285507463431681	5.0	0.9762118715990216	9612.0	2123.0	2642.0	185933.0
method_run_inventory	directRNA	salmon_lr	NA	SGNex_K562_directRNA_replicate6_run1	NA	all	all	200310	200310	24398	NA	NA	NA	NA	NA	NA	NA	NA
method_run_inventory	directRNA	NanoCount_lr	NA	SGNex_K562_directRNA_replicate1_run1	NA	all	all	200310	39549	39549	NA	NA	NA	NA	NA	NA	NA	NA
within_method_replicates	directRNA	NanoCount_lr	NanoCount_lr	SGNex_K562_directRNA_replicate1_run1	SGNex_K562_directRNA_replicate4_run1	all	all	60052	33726	33726	0.8218702317848839	1.0	0.1	0.8731542430172567	25207.0	1857.0	2421.0	4241.0
within_method_replicates	directRNA	NanoCount_lr	NanoCount_lr	SGNex_K562_directRNA_replicate1_run1	SGNex_K562_directRNA_replicate4_run1	all	all	60052	33726	33726	0.8218702317848839	1.0	1.0	0.8367135147957065	21496.0	2465.0	3042.0	6723.0
within_method_replicates	directRNA	NanoCount_lr	NanoCount_lr	SGNex_K562_directRNA_replicate1_run1	SGNex_K562_directRNA_replicate4_run1	all	all	60052	33726	33726	0.8218702317848839	1.0	5.0	0.8396192848247642	11246.0	3199.0	2210.0	17071.0
within_method_replicates	directRNA	NanoCount_lr	NanoCount_lr	SGNex_K562_directRNA_replicate1_run1	SGNex_K562_directRNA_replicate5_run1	all	all	60052	33362	33362	0.8215457284962857	1.0	0.1	0.8738085246687849	24900.0	1859.0	2351.0	4252.0
within_method_replicates	directRNA	NanoCount_lr	NanoCount_lr	SGNex_K562_directRNA_replicate1_run1	SGNex_K562_directRNA_replicate5_run1	all	all	60052	33362	33362	0.8215457284962857	1.0	1.0	0.8335231700737366	21030.0	2655.0	2899.0	6778.0
within_method_replicates	directRNA	NanoCount_lr	NanoCount_lr	SGNex_K562_directRNA_replicate1_run1	SGNex_K562_directRNA_replicate5_run1	all	all	60052	33362	33362	0.8215457284962857	1.0	5.0	0.837000179845333	10935.0	3453.0	1985.0	16989.0
within_method_replicates	directRNA	NanoCount_lr	NanoCount_lr	SGNex_K562_directRNA_replicate1_run1	SGNex_K562_directRNA_replicate6_run1	all	all	60052	34837	34837	0.8154364156453159	1.0	0.1	0.8644831644515888	26326.0	1563.0	3158.0	3790.0
within_method_replicates	directRNA	NanoCount_lr	NanoCount_lr	SGNex_K562_directRNA_replicate1_run1	SGNex_K562_directRNA_replicate6_run1	all	all	60052	34837	34837	0.8154364156453159	1.0	1.0	0.7913999483307977	20645.0	3897.0	3370.0	6925.0
within_method_replicates	directRNA	NanoCount_lr	NanoCount_lr	SGNex_K562_directRNA_replicate1_run1	SGNex_K562_directRNA_replicate6_run1	all	all	60052	34837	34837	0.8154364156453159	1.0	5.0	0.8459970720785371	11425.0	3080.0	2285.0	18047.0
method_run_inventory	directRNA	NanoCount_lr	NA	SGNex_K562_directRNA_replicate4_run1	NA	all	all	200310	44746	44746	NA	NA	NA	NA	NA	NA	NA	NA
within_method_replicates	directRNA	NanoCount_lr	NanoCount_lr	SGNex_K562_directRNA_replicate4_run1	SGNex_K562_directRNA_replicate5_run1	all	all	60052	35939	35939	0.8557472615661704	1.0	0.1	0.8851943571050948	27263.0	2114.0	2012.0	4550.0
within_method_replicates	directRNA	NanoCount_lr	NanoCount_lr	SGNex_K562_directRNA_replicate4_run1	SGNex_K562_directRNA_replicate5_run1	all	all	60052	35939	35939	0.8557472615661704	1.0	1.0	0.8524722446367456	23239.0	2812.0	2490.0	7398.0
within_method_replicates	directRNA	NanoCount_lr	NanoCount_lr	SGNex_K562_directRNA_replicate4_run1	SGNex_K562_directRNA_replicate5_run1	all	all	60052	35939	35939	0.8557472615661704	1.0	5.0	0.8808814936420045	11238.0	2435.0	1846.0	20420.0
within_method_replicates	directRNA	NanoCount_lr	NanoCount_lr	SGNex_K562_directRNA_replicate4_run1	SGNex_K562_directRNA_replicate6_run1	all	all	60052	37587	37587	0.8529884687703297	1.0	0.1	0.882858435097241	28883.0	1665.0	2738.0	4301.0
within_method_replicates	directRNA	NanoCount_lr	NanoCount_lr	SGNex_K562_directRNA_replicate4_run1	SGNex_K562_directRNA_replicate6_run1	all	all	60052	37587	37587	0.8529884687703297	1.0	1.0	0.799744592545295	22298.0	4665.0	2862.0	7762.0
within_method_replicates	directRNA	NanoCount_lr	NanoCount_lr	SGNex_K562_directRNA_replicate4_run1	SGNex_K562_directRNA_replicate6_run1	all	all	60052	37587	37587	0.8529884687703297	1.0	5.0	0.8865565222018251	11639.0	2059.0	2205.0	21684.0
method_run_inventory	directRNA	NanoCount_lr	NA	SGNex_K562_directRNA_replicate5_run1	NA	all	all	200310	42813	42813	NA	NA	NA	NA	NA	NA	NA	NA
within_method_replicates	directRNA	NanoCount_lr	NanoCount_lr	SGNex_K562_directRNA_replicate5_run1	SGNex_K562_directRNA_replicate6_run1	all	all	60052	36873	36873	0.8522469476748966	1.0	0.1	0.8802104520923169	28279.0	1617.0	2800.0	4177.0
within_method_replicates	directRNA	NanoCount_lr	NanoCount_lr	SGNex_K562_directRNA_replicate5_run1	SGNex_K562_directRNA_replicate6_run1	all	all	60052	36873	36873	0.8522469476748966	1.0	1.0	0.8029181243728474	21870.0	4229.0	3038.0	7736.0
within_method_replicates	directRNA	NanoCount_lr	NanoCount_lr	SGNex_K562_directRNA_replicate5_run1	SGNex_K562_directRNA_replicate6_run1	all	all	60052	36873	36873	0.8522469476748966	1.0	5.0	0.8842513492257207	11335.0	1765.0	2503.0	21270.0
method_run_inventory	directRNA	NanoCount_lr	NA	SGNex_K562_directRNA_replicate6_run1	NA	all	all	200310	46492	46492	NA	NA	NA	NA	NA	NA	NA	NA
method_run_inventory	directRNA	bambu_lr	NA	SGNex_K562_directRNA_replicate1_run1	NA	all	all	200310	200310	23628	NA	NA	NA	NA	NA	NA	NA	NA
within_method_replicates	directRNA	bambu_lr	bambu_lr	SGNex_K562_directRNA_replicate1_run1	SGNex_K562_directRNA_replicate4_run1	all	all	200310	200310	17446	0.6993120083907072	0.9261744296340672	NA	NA	NA	NA	NA	NA
within_method_replicates	directRNA	bambu_lr	bambu_lr	SGNex_K562_directRNA_replicate1_run1	SGNex_K562_directRNA_replicate5_run1	all	all	200310	200310	17327	0.702418778546553	0.9279416903799111	NA	NA	NA	NA	NA	NA
within_method_replicates	directRNA	bambu_lr	bambu_lr	SGNex_K562_directRNA_replicate1_run1	SGNex_K562_directRNA_replicate6_run1	all	all	200310	200310	18387	0.7016791366106865	0.9218012081274025	NA	NA	NA	NA	NA	NA
method_run_inventory	directRNA	bambu_lr	NA	SGNex_K562_directRNA_replicate4_run1	NA	all	all	200310	200310	26052	NA	NA	NA	NA	NA	NA	NA	NA
within_method_replicates	directRNA	bambu_lr	bambu_lr	SGNex_K562_directRNA_replicate4_run1	SGNex_K562_directRNA_replicate5_run1	all	all	200310	200310	18647	0.7223279167416488	0.9290200189705956	NA	NA	NA	NA	NA	NA
within_method_replicates	directRNA	bambu_lr	bambu_lr	SGNex_K562_directRNA_replicate4_run1	SGNex_K562_directRNA_replicate6_run1	all	all	200310	200310	19968	0.7278539204903313	0.9254854974789077	NA	NA	NA	NA	NA	NA
method_run_inventory	directRNA	bambu_lr	NA	SGNex_K562_directRNA_replicate5_run1	NA	all	all	200310	200310	25460	NA	NA	NA	NA	NA	NA	NA	NA
within_method_replicates	directRNA	bambu_lr	bambu_lr	SGNex_K562_directRNA_replicate5_run1	SGNex_K562_directRNA_replicate6_run1	all	all	200310	200310	19725	0.7271354589113522	0.9260146772502621	NA	NA	NA	NA	NA	NA
method_run_inventory	directRNA	bambu_lr	NA	SGNex_K562_directRNA_replicate6_run1	NA	all	all	200310	200310	28810	NA	NA	NA	NA	NA	NA	NA	NA
same_run_cross_quantifier	Illumina	salmon_sr	rsem_sr	GIS_K562_Illumina_Rep3-Run1	GIS_K562_Illumina_Rep3-Run1	all	all	200310	198569	73098	0.795529770109358	0.8630199074377168	0.1	0.8717423162729329	65490.0	14587.0	10881.0	107611.0
same_run_cross_quantifier	Illumina	salmon_sr	rsem_sr	GIS_K562_Illumina_Rep3-Run1	GIS_K562_Illumina_Rep3-Run1	all	all	200310	198569	73098	0.795529770109358	0.8630199074377168	1.0	0.9158176754679733	32455.0	10591.0	6125.0	149398.0
same_run_cross_quantifier	Illumina	salmon_sr	rsem_sr	GIS_K562_Illumina_Rep3-Run1	GIS_K562_Illumina_Rep3-Run1	all	all	200310	198569	73098	0.795529770109358	0.8630199074377168	5.0	0.9642542390806218	11465.0	4022.0	3076.0	180006.0
cross_quantifier_stratum	Illumina	salmon_sr	rsem_sr	GIS_K562_Illumina_Rep3-Run1	GIS_K562_Illumina_Rep3-Run1	independent_abundance_TPM	(10.0, 100.0]	7666	7666	7247	0.5519249427272571	0.9453430733107226	1.0	0.91990607878946	7052.0	614.0	0.0	0.0
cross_quantifier_stratum	Illumina	salmon_sr	rsem_sr	GIS_K562_Illumina_Rep3-Run1	GIS_K562_Illumina_Rep3-Run1	independent_abundance_TPM	(-1e-10, 0.0]	109908	109908	0	NA	0.8941205371765476	1.0	0.9855060596134949	0.0	0.0	1593.0	108315.0
cross_quantifier_stratum	Illumina	salmon_sr	rsem_sr	GIS_K562_Illumina_Rep3-Run1	GIS_K562_Illumina_Rep3-Run1	independent_abundance_TPM	(1.0, 10.0]	34707	34707	30469	0.5420844913648618	0.8778920678825597	1.0	0.7134871927853171	24763.0	9944.0	0.0	0.0
cross_quantifier_stratum	Illumina	salmon_sr	rsem_sr	GIS_K562_Illumina_Rep3-Run1	GIS_K562_Illumina_Rep3-Run1	independent_abundance_TPM	(0.1, 1.0]	37031	37031	28080	0.4211269527080189	0.7582836002268369	1.0	0.8809916016310658	0.0	0.0	4407.0	32624.0
cross_quantifier_stratum	Illumina	salmon_sr	rsem_sr	GIS_K562_Illumina_Rep3-Run1	GIS_K562_Illumina_Rep3-Run1	independent_abundance_TPM	(0.0, 0.1]	8584	8584	6654	0.35715315191154384	0.7751630941286114	1.0	0.9854380242311277	0.0	0.0	125.0	8459.0
cross_quantifier_stratum	Illumina	salmon_sr	rsem_sr	GIS_K562_Illumina_Rep3-Run1	GIS_K562_Illumina_Rep3-Run1	independent_abundance_TPM	(100.0, inf]	673	673	648	0.7014565387832837	0.962852897473997	1.0	0.950965824665676	640.0	33.0	0.0	0.0
cross_quantifier_stratum	Illumina	salmon_sr	rsem_sr	GIS_K562_Illumina_Rep3-Run1	GIS_K562_Illumina_Rep3-Run1	transcript_length_nt	(1000.0, 2000.0]	33893	33505	14771	0.8456520836280143	0.8680495448440532	1.0	0.9289956722877183	6943.0	911.0	1468.0	24183.0
cross_quantifier_stratum	Illumina	salmon_sr	rsem_sr	GIS_K562_Illumina_Rep3-Run1	GIS_K562_Illumina_Rep3-Run1	transcript_length_nt	(500.0, 1000.0]	81191	80837	27590	0.7403463329387903	0.8323168845949256	1.0	0.8944047898858196	11247.0	6961.0	1575.0	61054.0
cross_quantifier_stratum	Illumina	salmon_sr	rsem_sr	GIS_K562_Illumina_Rep3-Run1	GIS_K562_Illumina_Rep3-Run1	transcript_length_nt	(0.0, 500.0]	38114	37547	5231	0.6812487833237555	0.8917356912669454	1.0	0.9337097504461076	2113.0	1927.0	562.0	32945.0
cross_quantifier_stratum	Illumina	salmon_sr	rsem_sr	GIS_K562_Illumina_Rep3-Run1	GIS_K562_Illumina_Rep3-Run1	transcript_length_nt	(2000.0, 5000.0]	38202	37803	20021	0.8831490732297738	0.8860672433404756	1.0	0.9258524455731026	9337.0	665.0	2138.0	25663.0
cross_quantifier_stratum	Illumina	salmon_sr	rsem_sr	GIS_K562_Illumina_Rep3-Run1	GIS_K562_Illumina_Rep3-Run1	transcript_length_nt	(5000.0, 10000.0]	7862	7835	4799	0.9337121416405103	0.9146139119336312	1.0	0.9416719846841097	2499.0	115.0	342.0	4879.0
cross_quantifier_stratum	Illumina	salmon_sr	rsem_sr	GIS_K562_Illumina_Rep3-Run1	GIS_K562_Illumina_Rep3-Run1	transcript_length_nt	(10000.0, inf]	1048	1042	686	0.9341276367757942	0.8243761996161229	1.0	0.9500959692898272	316.0	12.0	40.0	674.0
cross_quantifier_stratum	Illumina	salmon_sr	rsem_sr	GIS_K562_Illumina_Rep3-Run1	GIS_K562_Illumina_Rep3-Run1	isoforms_per_gene	(1.0, 2.0]	9232	9122	2661	0.8316880468715283	0.895198421398816	1.0	0.9642622231966674	1047.0	122.0	204.0	7749.0
cross_quantifier_stratum	Illumina	salmon_sr	rsem_sr	GIS_K562_Illumina_Rep3-Run1	GIS_K562_Illumina_Rep3-Run1	isoforms_per_gene	(0.0, 1.0]	36139	34732	4973	0.7633074929593198	0.9184325693884602	1.0	0.9750662213520672	1435.0	242.0	624.0	32431.0
cross_quantifier_stratum	Illumina	salmon_sr	rsem_sr	GIS_K562_Illumina_Rep3-Run1	GIS_K562_Illumina_Rep3-Run1	isoforms_per_gene	(2.0, 5.0]	26114	26061	10410	0.8550776346756049	0.8880702966117954	1.0	0.9363032884386632	4962.0	958.0	702.0	19439.0
cross_quantifier_stratum	Illumina	salmon_sr	rsem_sr	GIS_K562_Illumina_Rep3-Run1	GIS_K562_Illumina_Rep3-Run1	isoforms_per_gene	(10.0, 20.0]	55650	55585	24622	0.7687392798326025	0.8362327966177926	1.0	0.8827561392461996	11067.0	4375.0	2142.0	38001.0
cross_quantifier_stratum	Illumina	salmon_sr	rsem_sr	GIS_K562_Illumina_Rep3-Run1	GIS_K562_Illumina_Rep3-Run1	isoforms_per_gene	(5.0, 10.0]	45406	45327	20517	0.8171143662768304	0.8589802987182033	1.0	0.9049131864010413	9755.0	2763.0	1547.0	31262.0
cross_quantifier_stratum	Illumina	salmon_sr	rsem_sr	GIS_K562_Illumina_Rep3-Run1	GIS_K562_Illumina_Rep3-Run1	isoforms_per_gene	(20.0, inf]	27769	27742	9915	0.7215850428680902	0.8198039074327734	1.0	0.8905269987744214	4189.0	2131.0	906.0	20516.0
same_run_cross_quantifier	Illumina	salmon_sr	rsem_sr	GIS_K562_Illumina_Rep4-Run1	GIS_K562_Illumina_Rep4-Run1	all	all	200310	198569	72080	0.8013705383737025	0.8681314807447286	0.1	0.876098484657726	65494.0	14305.0	10298.0	108472.0
same_run_cross_quantifier	Illumina	salmon_sr	rsem_sr	GIS_K562_Illumina_Rep4-Run1	GIS_K562_Illumina_Rep4-Run1	all	all	200310	198569	72080	0.8013705383737025	0.8681314807447286	1.0	0.9145183790017576	34050.0	10894.0	6080.0	147545.0
same_run_cross_quantifier	Illumina	salmon_sr	rsem_sr	GIS_K562_Illumina_Rep4-Run1	GIS_K562_Illumina_Rep4-Run1	all	all	200310	198569	72080	0.8013705383737025	0.8681314807447286	5.0	0.9607441242087134	12366.0	4539.0	3256.0	178408.0
cross_quantifier_stratum	Illumina	salmon_sr	rsem_sr	GIS_K562_Illumina_Rep4-Run1	GIS_K562_Illumina_Rep4-Run1	independent_abundance_TPM	(10.0, 100.0]	7666	7666	7182	0.6045172203825955	0.93999478215497	1.0	0.9137751108792069	6976.0	653.0	8.0	29.0
cross_quantifier_stratum	Illumina	salmon_sr	rsem_sr	GIS_K562_Illumina_Rep4-Run1	GIS_K562_Illumina_Rep4-Run1	independent_abundance_TPM	(-1e-10, 0.0]	109908	109908	9150	0.534764665649842	0.8854860428722204	1.0	0.9715307347963752	923.0	1473.0	1656.0	105856.0
cross_quantifier_stratum	Illumina	salmon_sr	rsem_sr	GIS_K562_Illumina_Rep4-Run1	GIS_K562_Illumina_Rep4-Run1	independent_abundance_TPM	(1.0, 10.0]	34707	34707	28917	0.6358947243126868	0.8726193563258132	1.0	0.7811680640792924	22038.0	6203.0	1392.0	5074.0
cross_quantifier_stratum	Illumina	salmon_sr	rsem_sr	GIS_K562_Illumina_Rep4-Run1	GIS_K562_Illumina_Rep4-Run1	independent_abundance_TPM	(0.1, 1.0]	37031	37031	22390	0.6353589487497212	0.8082417434041749	1.0	0.8546623099565229	3444.0	2523.0	2859.0	28205.0
cross_quantifier_stratum	Illumina	salmon_sr	rsem_sr	GIS_K562_Illumina_Rep4-Run1	GIS_K562_Illumina_Rep4-Run1	independent_abundance_TPM	(0.0, 0.1]	8584	8584	3800	0.6710651869393394	0.815237651444548	1.0	0.9800792171481827	33.0	6.0	165.0	8380.0
cross_quantifier_stratum	Illumina	salmon_sr	rsem_sr	GIS_K562_Illumina_Rep4-Run1	GIS_K562_Illumina_Rep4-Run1	independent_abundance_TPM	(100.0, inf]	673	673	641	0.7711750138638724	0.9539375928677564	1.0	0.9465081723625557	636.0	36.0	0.0	1.0
cross_quantifier_stratum	Illumina	salmon_sr	rsem_sr	GIS_K562_Illumina_Rep4-Run1	GIS_K562_Illumina_Rep4-Run1	transcript_length_nt	(1000.0, 2000.0]	33893	33505	14538	0.8486504460575195	0.8741381883300999	1.0	0.9251455006715416	7059.0	960.0	1548.0	23938.0
cross_quantifier_stratum	Illumina	salmon_sr	rsem_sr	GIS_K562_Illumina_Rep4-Run1	GIS_K562_Illumina_Rep4-Run1	transcript_length_nt	(500.0, 1000.0]	81191	80837	27592	0.7518217260644448	0.8401721983745067	1.0	0.8907431003129755	12215.0	7267.0	1565.0	59790.0
cross_quantifier_stratum	Illumina	salmon_sr	rsem_sr	GIS_K562_Illumina_Rep4-Run1	GIS_K562_Illumina_Rep4-Run1	transcript_length_nt	(0.0, 500.0]	38114	37547	5115	0.6822855219982895	0.8931738887261299	1.0	0.9345620156071057	2224.0	1887.0	570.0	32866.0
cross_quantifier_stratum	Illumina	salmon_sr	rsem_sr	GIS_K562_Illumina_Rep4-Run1	GIS_K562_Illumina_Rep4-Run1	transcript_length_nt	(2000.0, 5000.0]	38202	37803	19496	0.8859260636186259	0.8884744596989657	1.0	0.9276512446102161	9663.0	666.0	2069.0	25405.0
cross_quantifier_stratum	Illumina	salmon_sr	rsem_sr	GIS_K562_Illumina_Rep4-Run1	GIS_K562_Illumina_Rep4-Run1	transcript_length_nt	(5000.0, 10000.0]	7862	7835	4676	0.9345994692158	0.9178047223994895	1.0	0.9492022973835355	2567.0	102.0	296.0	4870.0
cross_quantifier_stratum	Illumina	salmon_sr	rsem_sr	GIS_K562_Illumina_Rep4-Run1	GIS_K562_Illumina_Rep4-Run1	transcript_length_nt	(10000.0, inf]	1048	1042	663	0.9306255708438028	0.8301343570057581	1.0	0.9577735124760077	322.0	12.0	32.0	676.0
cross_quantifier_stratum	Illumina	salmon_sr	rsem_sr	GIS_K562_Illumina_Rep4-Run1	GIS_K562_Illumina_Rep4-Run1	isoforms_per_gene	(1.0, 2.0]	9232	9122	2463	0.8333992708219392	0.9033106774830081	1.0	0.966235474676606	1019.0	118.0	190.0	7795.0
cross_quantifier_stratum	Illumina	salmon_sr	rsem_sr	GIS_K562_Illumina_Rep4-Run1	GIS_K562_Illumina_Rep4-Run1	isoforms_per_gene	(0.0, 1.0]	36139	34732	4461	0.7535139163223249	0.9219451802372451	1.0	0.9752101808130831	1368.0	240.0	621.0	32503.0
cross_quantifier_stratum	Illumina	salmon_sr	rsem_sr	GIS_K562_Illumina_Rep4-Run1	GIS_K562_Illumina_Rep4-Run1	isoforms_per_gene	(2.0, 5.0]	26114	26061	10125	0.8614005157348649	0.8957445992095469	1.0	0.9384137216530448	5049.0	937.0	668.0	19407.0
cross_quantifier_stratum	Illumina	salmon_sr	rsem_sr	GIS_K562_Illumina_Rep4-Run1	GIS_K562_Illumina_Rep4-Run1	isoforms_per_gene	(10.0, 20.0]	55650	55585	24761	0.7747111558962562	0.83948907079248	1.0	0.880219483673653	11883.0	4504.0	2154.0	37044.0
cross_quantifier_stratum	Illumina	salmon_sr	rsem_sr	GIS_K562_Illumina_Rep4-Run1	GIS_K562_Illumina_Rep4-Run1	isoforms_per_gene	(5.0, 10.0]	45406	45327	20277	0.8188587861719464	0.863326494142564	1.0	0.9022878196218589	10147.0	2918.0	1511.0	30751.0
cross_quantifier_stratum	Illumina	salmon_sr	rsem_sr	GIS_K562_Illumina_Rep4-Run1	GIS_K562_Illumina_Rep4-Run1	isoforms_per_gene	(20.0, inf]	27769	27742	9993	0.7378975327634666	0.8284910965323337	1.0	0.887787470261697	4584.0	2177.0	936.0	20045.0
same_run_cross_quantifier	Illumina	salmon_sr	rsem_sr	GIS_k562_Illumina_Rep5-Run1	GIS_k562_Illumina_Rep5-Run1	all	all	200310	198569	71373	0.7967006727701192	0.8663386530626633	0.1	0.8738171617926263	65080.0	14275.0	10781.0	108433.0
same_run_cross_quantifier	Illumina	salmon_sr	rsem_sr	GIS_k562_Illumina_Rep5-Run1	GIS_k562_Illumina_Rep5-Run1	all	all	200310	198569	71373	0.7967006727701192	0.8663386530626633	1.0	0.914004703654649	33614.0	10826.0	6250.0	147879.0
same_run_cross_quantifier	Illumina	salmon_sr	rsem_sr	GIS_k562_Illumina_Rep5-Run1	GIS_k562_Illumina_Rep5-Run1	all	all	200310	198569	71373	0.7967006727701192	0.8663386530626633	5.0	0.9623002583484834	12126.0	4349.0	3137.0	178957.0
cross_quantifier_stratum	Illumina	salmon_sr	rsem_sr	GIS_k562_Illumina_Rep5-Run1	GIS_k562_Illumina_Rep5-Run1	independent_abundance_TPM	(10.0, 100.0]	7666	7666	7128	0.6125804345485589	0.9328202452387164	1.0	0.9068614662144534	6925.0	705.0	9.0	27.0
cross_quantifier_stratum	Illumina	salmon_sr	rsem_sr	GIS_k562_Illumina_Rep5-Run1	GIS_k562_Illumina_Rep5-Run1	independent_abundance_TPM	(-1e-10, 0.0]	109908	109908	9045	0.5310928866377567	0.8855133384285039	1.0	0.9718218873967318	876.0	1388.0	1709.0	105935.0
cross_quantifier_stratum	Illumina	salmon_sr	rsem_sr	GIS_k562_Illumina_Rep5-Run1	GIS_k562_Illumina_Rep5-Run1	independent_abundance_TPM	(1.0, 10.0]	34707	34707	28607	0.6456646057199332	0.8674330826634397	1.0	0.779554556717665	21716.0	6156.0	1495.0	5340.0
cross_quantifier_stratum	Illumina	salmon_sr	rsem_sr	GIS_k562_Illumina_Rep5-Run1	GIS_k562_Illumina_Rep5-Run1	independent_abundance_TPM	(0.1, 1.0]	37031	37031	22011	0.6324236289019516	0.8045421403688802	1.0	0.8545272879479355	3436.0	2524.0	2863.0	28208.0
cross_quantifier_stratum	Illumina	salmon_sr	rsem_sr	GIS_k562_Illumina_Rep5-Run1	GIS_k562_Illumina_Rep5-Run1	independent_abundance_TPM	(0.0, 0.1]	8584	8584	3942	0.6757480407261766	0.8168685927306617	1.0	0.9780987884436161	28.0	14.0	174.0	8368.0
cross_quantifier_stratum	Illumina	salmon_sr	rsem_sr	GIS_k562_Illumina_Rep5-Run1	GIS_k562_Illumina_Rep5-Run1	independent_abundance_TPM	(100.0, inf]	673	673	640	0.7693321870269666	0.9524517087667161	1.0	0.9420505200594353	633.0	39.0	0.0	1.0
cross_quantifier_stratum	Illumina	salmon_sr	rsem_sr	GIS_k562_Illumina_Rep5-Run1	GIS_k562_Illumina_Rep5-Run1	transcript_length_nt	(1000.0, 2000.0]	33893	33505	14437	0.8458984006557091	0.8721683330846143	1.0	0.9249962692135503	6989.0	931.0	1582.0	24003.0
cross_quantifier_stratum	Illumina	salmon_sr	rsem_sr	GIS_k562_Illumina_Rep5-Run1	GIS_k562_Illumina_Rep5-Run1	transcript_length_nt	(500.0, 1000.0]	81191	80837	26985	0.7433218342813538	0.8370053317169118	1.0	0.890446206563826	11907.0	7226.0	1630.0	60074.0
cross_quantifier_stratum	Illumina	salmon_sr	rsem_sr	GIS_k562_Illumina_Rep5-Run1	GIS_k562_Illumina_Rep5-Run1	transcript_length_nt	(0.0, 500.0]	38114	37547	4917	0.6740851695034887	0.8927477561456308	1.0	0.9353077476229792	2241.0	1882.0	547.0	32877.0
cross_quantifier_stratum	Illumina	salmon_sr	rsem_sr	GIS_k562_Illumina_Rep5-Run1	GIS_k562_Illumina_Rep5-Run1	transcript_length_nt	(2000.0, 5000.0]	38202	37803	19659	0.8847151046900464	0.8889241594582441	1.0	0.9260640689892337	9605.0	665.0	2130.0	25403.0
cross_quantifier_stratum	Illumina	salmon_sr	rsem_sr	GIS_k562_Illumina_Rep5-Run1	GIS_k562_Illumina_Rep5-Run1	transcript_length_nt	(5000.0, 10000.0]	7862	7835	4698	0.9289066583977617	0.9134652201659221	1.0	0.9435864709636248	2544.0	113.0	329.0	4849.0
cross_quantifier_stratum	Illumina	salmon_sr	rsem_sr	GIS_k562_Illumina_Rep5-Run1	GIS_k562_Illumina_Rep5-Run1	transcript_length_nt	(10000.0, inf]	1048	1042	677	0.9282093297483374	0.8291746641074856	1.0	0.9606525911708254	328.0	9.0	32.0	673.0
cross_quantifier_stratum	Illumina	salmon_sr	rsem_sr	GIS_k562_Illumina_Rep5-Run1	GIS_k562_Illumina_Rep5-Run1	isoforms_per_gene	(1.0, 2.0]	9232	9122	2478	0.8305222199236295	0.8991449243586933	1.0	0.9653584740188556	1031.0	122.0	194.0	7775.0
cross_quantifier_stratum	Illumina	salmon_sr	rsem_sr	GIS_k562_Illumina_Rep5-Run1	GIS_k562_Illumina_Rep5-Run1	isoforms_per_gene	(0.0, 1.0]	36139	34732	4562	0.7604063662349558	0.923384774847403	1.0	0.975929978118162	1405.0	236.0	600.0	32491.0
cross_quantifier_stratum	Illumina	salmon_sr	rsem_sr	GIS_k562_Illumina_Rep5-Run1	GIS_k562_Illumina_Rep5-Run1	isoforms_per_gene	(2.0, 5.0]	26114	26061	10120	0.8538879739448147	0.8897970146962895	1.0	0.935535858178888	5022.0	987.0	693.0	19359.0
cross_quantifier_stratum	Illumina	salmon_sr	rsem_sr	GIS_k562_Illumina_Rep5-Run1	GIS_k562_Illumina_Rep5-Run1	isoforms_per_gene	(10.0, 20.0]	55650	55585	24221	0.7662994618205252	0.8345416929027616	1.0	0.8803094359989205	11656.0	4427.0	2226.0	37276.0
cross_quantifier_stratum	Illumina	salmon_sr	rsem_sr	GIS_k562_Illumina_Rep5-Run1	GIS_k562_Illumina_Rep5-Run1	isoforms_per_gene	(5.0, 10.0]	45406	45327	20241	0.8197877479577931	0.8662827895073576	1.0	0.9014494672049772	10008.0	2900.0	1567.0	30852.0
cross_quantifier_stratum	Illumina	salmon_sr	rsem_sr	GIS_k562_Illumina_Rep5-Run1	GIS_k562_Illumina_Rep5-Run1	isoforms_per_gene	(20.0, inf]	27769	27742	9751	0.7296916732532953	0.8258957537308053	1.0	0.887390959555908	4492.0	2154.0	970.0	20126.0
same_run_cross_quantifier	directRNA	salmon_lr	NanoCount_lr	SGNex_K562_directRNA_replicate5_run1	SGNex_K562_directRNA_replicate5_run1	all	all	200310	42813	17054	0.500538156941891	0.39833695372900757	0.1	0.5452082311447457	16403.0	650.0	18821.0	6939.0
same_run_cross_quantifier	directRNA	salmon_lr	NanoCount_lr	SGNex_K562_directRNA_replicate5_run1	SGNex_K562_directRNA_replicate5_run1	all	all	200310	42813	17054	0.500538156941891	0.39833695372900757	1.0	0.6158876976619251	15321.0	1696.0	14749.0	11047.0
same_run_cross_quantifier	directRNA	salmon_lr	NanoCount_lr	SGNex_K562_directRNA_replicate5_run1	SGNex_K562_directRNA_replicate5_run1	all	all	200310	42813	17054	0.500538156941891	0.39833695372900757	5.0	0.7975848457244294	7347.0	2890.0	5776.0	26800.0
cross_quantifier_stratum	directRNA	salmon_lr	NanoCount_lr	SGNex_K562_directRNA_replicate5_run1	SGNex_K562_directRNA_replicate5_run1	independent_abundance_TPM	(10.0, 100.0]	7666	5817	3775	0.5623503473241961	0.6489599449888258	1.0	0.7012205604263366	3693.0	79.0	1659.0	386.0
cross_quantifier_stratum	directRNA	salmon_lr	NanoCount_lr	SGNex_K562_directRNA_replicate5_run1	SGNex_K562_directRNA_replicate5_run1	independent_abundance_TPM	(-1e-10, 0.0]	109908	8984	1685	0.2599533999358877	0.18755565449688336	1.0	0.5710151380231523	1207.0	465.0	3389.0	3923.0
cross_quantifier_stratum	directRNA	salmon_lr	NanoCount_lr	SGNex_K562_directRNA_replicate5_run1	SGNex_K562_directRNA_replicate5_run1	independent_abundance_TPM	(1.0, 10.0]	34707	16222	7808	0.4549477796068061	0.4813216619405745	1.0	0.6230427814079645	7283.0	516.0	5599.0	2824.0
cross_quantifier_stratum	directRNA	salmon_lr	NanoCount_lr	SGNex_K562_directRNA_replicate5_run1	SGNex_K562_directRNA_replicate5_run1	independent_abundance_TPM	(0.1, 1.0]	37031	9551	2919	0.30631596163437314	0.3056224479112135	1.0	0.5863260391582034	2384.0	526.0	3425.0	3216.0
cross_quantifier_stratum	directRNA	salmon_lr	NanoCount_lr	SGNex_K562_directRNA_replicate5_run1	SGNex_K562_directRNA_replicate5_run1	independent_abundance_TPM	(0.0, 0.1]	8584	1458	394	0.2853074041976724	0.27023319615912206	1.0	0.6145404663923183	297.0	97.0	465.0	599.0
cross_quantifier_stratum	directRNA	salmon_lr	NanoCount_lr	SGNex_K562_directRNA_replicate5_run1	SGNex_K562_directRNA_replicate5_run1	independent_abundance_TPM	(100.0, inf]	673	616	422	0.6694953049404119	0.685064935064935	1.0	0.7337662337662337	418.0	4.0	160.0	34.0
cross_quantifier_stratum	directRNA	salmon_lr	NanoCount_lr	SGNex_K562_directRNA_replicate5_run1	SGNex_K562_directRNA_replicate5_run1	transcript_length_nt	(1000.0, 2000.0]	33893	10938	4466	0.5556818284211118	0.4083013347961236	1.0	0.6540501005668312	4002.0	447.0	3337.0	3152.0
cross_quantifier_stratum	directRNA	salmon_lr	NanoCount_lr	SGNex_K562_directRNA_replicate5_run1	SGNex_K562_directRNA_replicate5_run1	transcript_length_nt	(500.0, 1000.0]	81191	9374	2410	0.4104134853941752	0.25709409003627054	1.0	0.5113078728397695	2218.0	185.0	4396.0	2575.0
cross_quantifier_stratum	directRNA	salmon_lr	NanoCount_lr	SGNex_K562_directRNA_replicate5_run1	SGNex_K562_directRNA_replicate5_run1	transcript_length_nt	(0.0, 500.0]	38114	2141	557	0.33874562826301885	0.26015880429705746	1.0	0.5474077533862681	507.0	48.0	921.0	665.0
cross_quantifier_stratum	directRNA	salmon_lr	NanoCount_lr	SGNex_K562_directRNA_replicate5_run1	SGNex_K562_directRNA_replicate5_run1	transcript_length_nt	(2000.0, 5000.0]	38202	16467	7403	0.5217278108621932	0.44956579826319304	1.0	0.6482055019129167	6618.0	781.0	5012.0	4056.0
cross_quantifier_stratum	directRNA	salmon_lr	NanoCount_lr	SGNex_K562_directRNA_replicate5_run1	SGNex_K562_directRNA_replicate5_run1	transcript_length_nt	(5000.0, 10000.0]	7862	3522	1989	0.43310225166676025	0.5647359454855196	1.0	0.6638273708120386	1775.0	207.0	977.0	563.0
cross_quantifier_stratum	directRNA	salmon_lr	NanoCount_lr	SGNex_K562_directRNA_replicate5_run1	SGNex_K562_directRNA_replicate5_run1	transcript_length_nt	(10000.0, inf]	1048	371	229	0.37445622174024656	0.6172506738544474	1.0	0.6388140161725068	201.0	28.0	106.0	36.0
cross_quantifier_stratum	directRNA	salmon_lr	NanoCount_lr	SGNex_K562_directRNA_replicate5_run1	SGNex_K562_directRNA_replicate5_run1	isoforms_per_gene	(1.0, 2.0]	9232	1311	846	0.5734081595733544	0.6453089244851259	1.0	0.7246376811594203	786.0	60.0	301.0	164.0
cross_quantifier_stratum	directRNA	salmon_lr	NanoCount_lr	SGNex_K562_directRNA_replicate5_run1	SGNex_K562_directRNA_replicate5_run1	isoforms_per_gene	(0.0, 1.0]	36139	2610	1198	0.39513517567908835	0.4590038314176245	1.0	0.6153256704980843	1149.0	48.0	956.0	457.0
cross_quantifier_stratum	directRNA	salmon_lr	NanoCount_lr	SGNex_K562_directRNA_replicate5_run1	SGNex_K562_directRNA_replicate5_run1	isoforms_per_gene	(2.0, 5.0]	26114	5925	3250	0.522765915512894	0.5485232067510548	1.0	0.6533333333333333	2996.0	246.0	1808.0	875.0
cross_quantifier_stratum	directRNA	salmon_lr	NanoCount_lr	SGNex_K562_directRNA_replicate5_run1	SGNex_K562_directRNA_replicate5_run1	isoforms_per_gene	(10.0, 20.0]	55650	14581	4935	0.47691321559993943	0.3384541526644263	1.0	0.6000274329607023	4317.0	602.0	5230.0	4432.0
cross_quantifier_stratum	directRNA	salmon_lr	NanoCount_lr	SGNex_K562_directRNA_replicate5_run1	SGNex_K562_directRNA_replicate5_run1	isoforms_per_gene	(5.0, 10.0]	45406	12253	5254	0.5112517846707699	0.4287929486656329	1.0	0.6092385538235534	4735.0	510.0	4278.0	2730.0
cross_quantifier_stratum	directRNA	salmon_lr	NanoCount_lr	SGNex_K562_directRNA_replicate5_run1	SGNex_K562_directRNA_replicate5_run1	isoforms_per_gene	(20.0, inf]	27769	6133	1571	0.4464607053390359	0.2561552258274906	1.0	0.6076960704386108	1338.0	230.0	2176.0	2389.0
same_run_cross_quantifier	directRNA	salmon_lr	NanoCount_lr	SGNex_K562_directRNA_replicate1_run1	SGNex_K562_directRNA_replicate1_run1	all	all	200310	39549	15303	0.5031513756754196	0.38693772282485017	0.1	0.5510632380085464	14803.0	499.0	17256.0	6991.0
same_run_cross_quantifier	directRNA	salmon_lr	NanoCount_lr	SGNex_K562_directRNA_replicate1_run1	SGNex_K562_directRNA_replicate1_run1	all	all	200310	39549	15303	0.5031513756754196	0.38693772282485017	1.0	0.6221649093529545	13946.0	1340.0	13603.0	10660.0
same_run_cross_quantifier	directRNA	salmon_lr	NanoCount_lr	SGNex_K562_directRNA_replicate1_run1	SGNex_K562_directRNA_replicate1_run1	all	all	200310	39549	15303	0.5031513756754196	0.38693772282485017	5.0	0.7680598750916584	7985.0	2500.0	6673.0	22391.0
cross_quantifier_stratum	directRNA	salmon_lr	NanoCount_lr	SGNex_K562_directRNA_replicate1_run1	SGNex_K562_directRNA_replicate1_run1	independent_abundance_TPM	(10.0, 100.0]	7666	5584	3552	0.5419966961351841	0.6361031518624641	1.0	0.7003939828080229	3499.0	53.0	1620.0	412.0
cross_quantifier_stratum	directRNA	salmon_lr	NanoCount_lr	SGNex_K562_directRNA_replicate1_run1	SGNex_K562_directRNA_replicate1_run1	independent_abundance_TPM	(-1e-10, 0.0]	109908	8060	1327	0.2517399425968594	0.16464019851116626	1.0	0.56712158808933	977.0	345.0	3144.0	3594.0
cross_quantifier_stratum	directRNA	salmon_lr	NanoCount_lr	SGNex_K562_directRNA_replicate1_run1	SGNex_K562_directRNA_replicate1_run1	independent_abundance_TPM	(1.0, 10.0]	34707	15104	7238	0.4611487066358366	0.4792108050847458	1.0	0.6349311440677966	6758.0	479.0	5035.0	2832.0
cross_quantifier_stratum	directRNA	salmon_lr	NanoCount_lr	SGNex_K562_directRNA_replicate1_run1	SGNex_K562_directRNA_replicate1_run1	independent_abundance_TPM	(0.1, 1.0]	37031	8670	2406	0.30587136403730664	0.2775086505190311	1.0	0.5957324106113033	2028.0	374.0	3131.0	3137.0
cross_quantifier_stratum	directRNA	salmon_lr	NanoCount_lr	SGNex_K562_directRNA_replicate1_run1	SGNex_K562_directRNA_replicate1_run1	independent_abundance_TPM	(0.0, 0.1]	8584	1396	342	0.27205186403933185	0.24498567335243554	1.0	0.6088825214899714	261.0	81.0	465.0	589.0
cross_quantifier_stratum	directRNA	salmon_lr	NanoCount_lr	SGNex_K562_directRNA_replicate1_run1	SGNex_K562_directRNA_replicate1_run1	independent_abundance_TPM	(100.0, inf]	673	589	385	0.6130413071466496	0.6536502546689303	1.0	0.7062818336162988	381.0	4.0	169.0	35.0
cross_quantifier_stratum	directRNA	salmon_lr	NanoCount_lr	SGNex_K562_directRNA_replicate1_run1	SGNex_K562_directRNA_replicate1_run1	transcript_length_nt	(1000.0, 2000.0]	33893	10181	3931	0.5412247966713948	0.38611138395049605	1.0	0.6508201551910421	3594.0	333.0	3222.0	3032.0
cross_quantifier_stratum	directRNA	salmon_lr	NanoCount_lr	SGNex_K562_directRNA_replicate1_run1	SGNex_K562_directRNA_replicate1_run1	transcript_length_nt	(500.0, 1000.0]	81191	7876	2063	0.4330038012855102	0.26193499238191975	1.0	0.543042153377349	1927.0	128.0	3471.0	2350.0
cross_quantifier_stratum	directRNA	salmon_lr	NanoCount_lr	SGNex_K562_directRNA_replicate1_run1	SGNex_K562_directRNA_replicate1_run1	transcript_length_nt	(0.0, 500.0]	38114	1680	392	0.38667591957962655	0.23333333333333334	1.0	0.5595238095238095	368.0	20.0	720.0	572.0
cross_quantifier_stratum	directRNA	salmon_lr	NanoCount_lr	SGNex_K562_directRNA_replicate1_run1	SGNex_K562_directRNA_replicate1_run1	transcript_length_nt	(2000.0, 5000.0]	38202	15975	6790	0.5229163931226809	0.4250391236306729	1.0	0.645320813771518	6119.0	670.0	4996.0	4190.0
cross_quantifier_stratum	directRNA	salmon_lr	NanoCount_lr	SGNex_K562_directRNA_replicate1_run1	SGNex_K562_directRNA_replicate1_run1	transcript_length_nt	(5000.0, 10000.0]	7862	3440	1879	0.441476247267711	0.5462209302325581	1.0	0.6340116279069767	1722.0	157.0	1102.0	459.0
cross_quantifier_stratum	directRNA	salmon_lr	NanoCount_lr	SGNex_K562_directRNA_replicate1_run1	SGNex_K562_directRNA_replicate1_run1	transcript_length_nt	(10000.0, inf]	1048	397	248	0.4177663224000734	0.6246851385390428	1.0	0.6876574307304786	216.0	32.0	92.0	57.0
cross_quantifier_stratum	directRNA	salmon_lr	NanoCount_lr	SGNex_K562_directRNA_replicate1_run1	SGNex_K562_directRNA_replicate1_run1	isoforms_per_gene	(1.0, 2.0]	9232	1299	819	0.5667787702523306	0.6304849884526559	1.0	0.7097767513471901	760.0	55.0	322.0	162.0
cross_quantifier_stratum	directRNA	salmon_lr	NanoCount_lr	SGNex_K562_directRNA_replicate1_run1	SGNex_K562_directRNA_replicate1_run1	isoforms_per_gene	(0.0, 1.0]	36139	2361	1082	0.4295824357744846	0.458280389665396	1.0	0.6293943244387972	1051.0	27.0	848.0	435.0
cross_quantifier_stratum	directRNA	salmon_lr	NanoCount_lr	SGNex_K562_directRNA_replicate1_run1	SGNex_K562_directRNA_replicate1_run1	isoforms_per_gene	(2.0, 5.0]	26114	5595	2909	0.5228076676585063	0.5199285075960679	1.0	0.6486148346738159	2705.0	201.0	1765.0	924.0
cross_quantifier_stratum	directRNA	salmon_lr	NanoCount_lr	SGNex_K562_directRNA_replicate1_run1	SGNex_K562_directRNA_replicate1_run1	isoforms_per_gene	(10.0, 20.0]	55650	13314	4384	0.48566104385244774	0.3292774523058435	1.0	0.613564668769716	3916.0	468.0	4677.0	4253.0
cross_quantifier_stratum	directRNA	salmon_lr	NanoCount_lr	SGNex_K562_directRNA_replicate1_run1	SGNex_K562_directRNA_replicate1_run1	isoforms_per_gene	(5.0, 10.0]	45406	11368	4699	0.5013278715788313	0.4133532723434201	1.0	0.6086382828993666	4295.0	398.0	4051.0	2624.0
cross_quantifier_stratum	directRNA	salmon_lr	NanoCount_lr	SGNex_K562_directRNA_replicate1_run1	SGNex_K562_directRNA_replicate1_run1	isoforms_per_gene	(20.0, inf]	27769	5612	1410	0.4486431918607745	0.2512473271560941	1.0	0.6202779757662152	1219.0	191.0	1940.0	2262.0
same_run_cross_quantifier	directRNA	salmon_lr	NanoCount_lr	SGNex_K562_directRNA_replicate4_run1	SGNex_K562_directRNA_replicate4_run1	all	all	200310	44746	17401	0.4936867126293255	0.388883922585259	0.1	0.533656639699638	16755.0	645.0	20222.0	7124.0
same_run_cross_quantifier	directRNA	salmon_lr	NanoCount_lr	SGNex_K562_directRNA_replicate4_run1	SGNex_K562_directRNA_replicate4_run1	all	all	200310	44746	17401	0.4936867126293255	0.388883922585259	1.0	0.6022884727126447	15713.0	1632.0	16164.0	11237.0
same_run_cross_quantifier	directRNA	salmon_lr	NanoCount_lr	SGNex_K562_directRNA_replicate4_run1	SGNex_K562_directRNA_replicate4_run1	all	all	200310	44746	17401	0.4936867126293255	0.388883922585259	5.0	0.7980154650695034	7572.0	2873.0	6165.0	28136.0
cross_quantifier_stratum	directRNA	salmon_lr	NanoCount_lr	SGNex_K562_directRNA_replicate4_run1	SGNex_K562_directRNA_replicate4_run1	independent_abundance_TPM	(10.0, 100.0]	7666	5997	3832	0.5508474006587477	0.6389861597465399	1.0	0.6931799232949808	3751.0	74.0	1766.0	406.0
cross_quantifier_stratum	directRNA	salmon_lr	NanoCount_lr	SGNex_K562_directRNA_replicate4_run1	SGNex_K562_directRNA_replicate4_run1	independent_abundance_TPM	(-1e-10, 0.0]	109908	9395	1583	0.24689847043052068	0.16849387972325705	1.0	0.548057477381586	1173.0	402.0	3844.0	3976.0
cross_quantifier_stratum	directRNA	salmon_lr	NanoCount_lr	SGNex_K562_directRNA_replicate4_run1	SGNex_K562_directRNA_replicate4_run1	independent_abundance_TPM	(1.0, 10.0]	34707	17103	8145	0.45422559429914966	0.47623223995790215	1.0	0.6094837163070806	7593.0	537.0	6142.0	2831.0
cross_quantifier_stratum	directRNA	salmon_lr	NanoCount_lr	SGNex_K562_directRNA_replicate4_run1	SGNex_K562_directRNA_replicate4_run1	independent_abundance_TPM	(0.1, 1.0]	37031	9960	2963	0.29225871387900026	0.29748995983935744	1.0	0.5788152610441767	2442.0	502.0	3693.0	3323.0
cross_quantifier_stratum	directRNA	salmon_lr	NanoCount_lr	SGNex_K562_directRNA_replicate4_run1	SGNex_K562_directRNA_replicate4_run1	independent_abundance_TPM	(0.0, 0.1]	8584	1491	399	0.2429028090221591	0.2676056338028169	1.0	0.5902079141515761	290.0	105.0	506.0	590.0
cross_quantifier_stratum	directRNA	salmon_lr	NanoCount_lr	SGNex_K562_directRNA_replicate4_run1	SGNex_K562_directRNA_replicate4_run1	independent_abundance_TPM	(100.0, inf]	673	615	422	0.6718491609000804	0.6861788617886179	1.0	0.7333333333333333	417.0	5.0	159.0	34.0
cross_quantifier_stratum	directRNA	salmon_lr	NanoCount_lr	SGNex_K562_directRNA_replicate4_run1	SGNex_K562_directRNA_replicate4_run1	transcript_length_nt	(1000.0, 2000.0]	33893	11226	4454	0.5504452146270973	0.3967575271690718	1.0	0.6452877249242829	4033.0	409.0	3573.0	3211.0
cross_quantifier_stratum	directRNA	salmon_lr	NanoCount_lr	SGNex_K562_directRNA_replicate4_run1	SGNex_K562_directRNA_replicate4_run1	transcript_length_nt	(500.0, 1000.0]	81191	10472	2536	0.40744780109186524	0.24216959511077157	1.0	0.4850076394194041	2344.0	167.0	5226.0	2735.0
cross_quantifier_stratum	directRNA	salmon_lr	NanoCount_lr	SGNex_K562_directRNA_replicate4_run1	SGNex_K562_directRNA_replicate4_run1	transcript_length_nt	(0.0, 500.0]	38114	2336	516	0.34822351053609046	0.2208904109589041	1.0	0.5252568493150684	480.0	31.0	1078.0	747.0
cross_quantifier_stratum	directRNA	salmon_lr	NanoCount_lr	SGNex_K562_directRNA_replicate4_run1	SGNex_K562_directRNA_replicate4_run1	transcript_length_nt	(2000.0, 5000.0]	38202	16777	7635	0.5069477477077391	0.4550873219288311	1.0	0.6442152947487632	6807.0	815.0	5154.0	4001.0
cross_quantifier_stratum	directRNA	salmon_lr	NanoCount_lr	SGNex_K562_directRNA_replicate4_run1	SGNex_K562_directRNA_replicate4_run1	transcript_length_nt	(5000.0, 10000.0]	7862	3538	2011	0.4382404496590607	0.56840022611645	1.0	0.6582815149802148	1827.0	183.0	1026.0	502.0
cross_quantifier_stratum	directRNA	salmon_lr	NanoCount_lr	SGNex_K562_directRNA_replicate4_run1	SGNex_K562_directRNA_replicate4_run1	transcript_length_nt	(10000.0, inf]	1048	397	249	0.3074737960286023	0.6272040302267002	1.0	0.6624685138539043	222.0	27.0	107.0	41.0
cross_quantifier_stratum	directRNA	salmon_lr	NanoCount_lr	SGNex_K562_directRNA_replicate4_run1	SGNex_K562_directRNA_replicate4_run1	isoforms_per_gene	(1.0, 2.0]	9232	1362	869	0.5694524953489785	0.6380323054331865	1.0	0.7202643171806168	823.0	44.0	337.0	158.0
cross_quantifier_stratum	directRNA	salmon_lr	NanoCount_lr	SGNex_K562_directRNA_replicate4_run1	SGNex_K562_directRNA_replicate4_run1	isoforms_per_gene	(0.0, 1.0]	36139	2844	1234	0.3830517914114424	0.4338959212376934	1.0	0.6044303797468354	1180.0	48.0	1077.0	539.0
cross_quantifier_stratum	directRNA	salmon_lr	NanoCount_lr	SGNex_K562_directRNA_replicate4_run1	SGNex_K562_directRNA_replicate4_run1	isoforms_per_gene	(2.0, 5.0]	26114	6080	3301	0.5275009525790808	0.5429276315789474	1.0	0.6490131578947368	3054.0	243.0	1891.0	892.0
cross_quantifier_stratum	directRNA	salmon_lr	NanoCount_lr	SGNex_K562_directRNA_replicate4_run1	SGNex_K562_directRNA_replicate4_run1	isoforms_per_gene	(10.0, 20.0]	55650	15321	5076	0.4688257663641827	0.3313099667123556	1.0	0.5829253965145879	4442.0	609.0	5781.0	4489.0
cross_quantifier_stratum	directRNA	salmon_lr	NanoCount_lr	SGNex_K562_directRNA_replicate4_run1	SGNex_K562_directRNA_replicate4_run1	isoforms_per_gene	(5.0, 10.0]	45406	12670	5302	0.5038103679483094	0.41846882399368585	1.0	0.5942383583267561	4816.0	473.0	4668.0	2713.0
cross_quantifier_stratum	directRNA	salmon_lr	NanoCount_lr	SGNex_K562_directRNA_replicate4_run1	SGNex_K562_directRNA_replicate4_run1	isoforms_per_gene	(20.0, inf]	27769	6469	1619	0.43637056792635426	0.2502705209460504	1.0	0.5942185809244087	1398.0	215.0	2410.0	2446.0
same_run_cross_quantifier	directRNA	salmon_lr	NanoCount_lr	SGNex_K562_directRNA_replicate6_run1	SGNex_K562_directRNA_replicate6_run1	all	all	200310	46492	19475	0.49423901664628106	0.418889271272477	0.1	0.5459864062634432	18781.0	693.0	20415.0	6603.0
same_run_cross_quantifier	directRNA	salmon_lr	NanoCount_lr	SGNex_K562_directRNA_replicate6_run1	SGNex_K562_directRNA_replicate6_run1	all	all	200310	46492	19475	0.49423901664628106	0.418889271272477	1.0	0.6722016691043621	14073.0	2424.0	12816.0	17179.0
same_run_cross_quantifier	directRNA	salmon_lr	NanoCount_lr	SGNex_K562_directRNA_replicate6_run1	SGNex_K562_directRNA_replicate6_run1	all	all	200310	46492	19475	0.49423901664628106	0.418889271272477	5.0	0.8017078207003355	7783.0	3124.0	6095.0	29490.0
cross_quantifier_stratum	directRNA	salmon_lr	NanoCount_lr	SGNex_K562_directRNA_replicate6_run1	SGNex_K562_directRNA_replicate6_run1	independent_abundance_TPM	(10.0, 100.0]	7666	5929	4023	0.5625945190539459	0.6785292629448474	1.0	0.731995277449823	3695.0	144.0	1445.0	645.0
cross_quantifier_stratum	directRNA	salmon_lr	NanoCount_lr	SGNex_K562_directRNA_replicate6_run1	SGNex_K562_directRNA_replicate6_run1	independent_abundance_TPM	(-1e-10, 0.0]	109908	10247	2082	0.2639450994078797	0.20318141895188835	1.0	0.6716112032790085	1043.0	403.0	2962.0	5839.0
cross_quantifier_stratum	directRNA	salmon_lr	NanoCount_lr	SGNex_K562_directRNA_replicate6_run1	SGNex_K562_directRNA_replicate6_run1	independent_abundance_TPM	(1.0, 10.0]	34707	17182	8743	0.4420059415064241	0.508846467233151	1.0	0.656733791176813	6834.0	969.0	4929.0	4450.0
cross_quantifier_stratum	directRNA	salmon_lr	NanoCount_lr	SGNex_K562_directRNA_replicate6_run1	SGNex_K562_directRNA_replicate6_run1	independent_abundance_TPM	(0.1, 1.0]	37031	10635	3655	0.29735980121883904	0.3436765397273155	1.0	0.6590503055947343	1873.0	769.0	2857.0	5136.0
cross_quantifier_stratum	directRNA	salmon_lr	NanoCount_lr	SGNex_K562_directRNA_replicate6_run1	SGNex_K562_directRNA_replicate6_run1	independent_abundance_TPM	(0.0, 0.1]	8584	1693	472	0.24534197836225716	0.27879503839338454	1.0	0.6881275841701122	181.0	114.0	414.0	984.0
cross_quantifier_stratum	directRNA	salmon_lr	NanoCount_lr	SGNex_K562_directRNA_replicate6_run1	SGNex_K562_directRNA_replicate6_run1	independent_abundance_TPM	(100.0, inf]	673	609	436	0.6431447929968273	0.715927750410509	1.0	0.735632183908046	413.0	12.0	149.0	35.0
cross_quantifier_stratum	directRNA	salmon_lr	NanoCount_lr	SGNex_K562_directRNA_replicate6_run1	SGNex_K562_directRNA_replicate6_run1	transcript_length_nt	(1000.0, 2000.0]	33893	11830	5009	0.5541533373185635	0.4234150464919696	1.0	0.6961115807269653	3697.0	555.0	3040.0	4538.0
cross_quantifier_stratum	directRNA	salmon_lr	NanoCount_lr	SGNex_K562_directRNA_replicate6_run1	SGNex_K562_directRNA_replicate6_run1	transcript_length_nt	(500.0, 1000.0]	81191	10313	3062	0.430174403055057	0.29690681663919327	1.0	0.6856394841462232	1825.0	261.0	2981.0	5246.0
cross_quantifier_stratum	directRNA	salmon_lr	NanoCount_lr	SGNex_K562_directRNA_replicate6_run1	SGNex_K562_directRNA_replicate6_run1	transcript_length_nt	(0.0, 500.0]	38114	2475	733	0.3919815630038081	0.2961616161616162	1.0	0.7135353535353536	327.0	54.0	655.0	1439.0
cross_quantifier_stratum	directRNA	salmon_lr	NanoCount_lr	SGNex_K562_directRNA_replicate6_run1	SGNex_K562_directRNA_replicate6_run1	transcript_length_nt	(2000.0, 5000.0]	38202	17685	8241	0.49403377502352525	0.46598812553011026	1.0	0.6545094713033645	6390.0	1094.0	5016.0	5185.0
cross_quantifier_stratum	directRNA	salmon_lr	NanoCount_lr	SGNex_K562_directRNA_replicate6_run1	SGNex_K562_directRNA_replicate6_run1	transcript_length_nt	(5000.0, 10000.0]	7862	3765	2163	0.39013106502770356	0.5745019920318725	1.0	0.6262948207171315	1656.0	387.0	1020.0	702.0
cross_quantifier_stratum	directRNA	salmon_lr	NanoCount_lr	SGNex_K562_directRNA_replicate6_run1	SGNex_K562_directRNA_replicate6_run1	transcript_length_nt	(10000.0, inf]	1048	424	267	0.37244423186707104	0.6297169811320755	1.0	0.5825471698113207	178.0	73.0	104.0	69.0
cross_quantifier_stratum	directRNA	salmon_lr	NanoCount_lr	SGNex_K562_directRNA_replicate6_run1	SGNex_K562_directRNA_replicate6_run1	isoforms_per_gene	(1.0, 2.0]	9232	1450	968	0.5840346836707232	0.6675862068965517	1.0	0.7448275862068966	689.0	112.0	258.0	391.0
cross_quantifier_stratum	directRNA	salmon_lr	NanoCount_lr	SGNex_K562_directRNA_replicate6_run1	SGNex_K562_directRNA_replicate6_run1	isoforms_per_gene	(0.0, 1.0]	36139	3099	1531	0.4103405757027901	0.4940303323652791	1.0	0.686027750887383	866.0	163.0	810.0	1260.0
cross_quantifier_stratum	directRNA	salmon_lr	NanoCount_lr	SGNex_K562_directRNA_replicate6_run1	SGNex_K562_directRNA_replicate6_run1	isoforms_per_gene	(2.0, 5.0]	26114	6468	3662	0.5275275886982541	0.5661719233147805	1.0	0.6986703772418058	2721.0	434.0	1515.0	1798.0
cross_quantifier_stratum	directRNA	salmon_lr	NanoCount_lr	SGNex_K562_directRNA_replicate6_run1	SGNex_K562_directRNA_replicate6_run1	isoforms_per_gene	(10.0, 20.0]	55650	15686	5562	0.4714428750034119	0.3545837052148413	1.0	0.6603978069616219	4044.0	746.0	4581.0	6315.0
cross_quantifier_stratum	directRNA	salmon_lr	NanoCount_lr	SGNex_K562_directRNA_replicate6_run1	SGNex_K562_directRNA_replicate6_run1	isoforms_per_gene	(5.0, 10.0]	45406	13296	5978	0.5067712111938699	0.44960890493381467	1.0	0.664485559566787	4447.0	741.0	3720.0	4388.0
cross_quantifier_stratum	directRNA	salmon_lr	NanoCount_lr	SGNex_K562_directRNA_replicate6_run1	SGNex_K562_directRNA_replicate6_run1	isoforms_per_gene	(20.0, inf]	27769	6493	1774	0.4461623493358767	0.27321731095025414	1.0	0.6673340520560603	1306.0	228.0	1932.0	3027.0
same_run_cross_quantifier	directRNA	salmon_lr	bambu_lr	SGNex_K562_directRNA_replicate5_run1	SGNex_K562_directRNA_replicate5_run1	all	all	200310	200310	15970	0.6645351998846201	0.9243073236483451	NA	NA	NA	NA	NA	NA
same_run_cross_quantifier	directRNA	salmon_lr	bambu_lr	SGNex_K562_directRNA_replicate1_run1	SGNex_K562_directRNA_replicate1_run1	all	all	200310	200310	14846	0.6873661599071661	0.935060655983226	NA	NA	NA	NA	NA	NA
same_run_cross_quantifier	directRNA	salmon_lr	bambu_lr	SGNex_K562_directRNA_replicate4_run1	SGNex_K562_directRNA_replicate4_run1	all	all	200310	200310	16462	0.6721252411427238	0.9244321301981928	NA	NA	NA	NA	NA	NA
same_run_cross_quantifier	directRNA	salmon_lr	bambu_lr	SGNex_K562_directRNA_replicate6_run1	SGNex_K562_directRNA_replicate6_run1	all	all	200310	200310	18106	0.663937368127216	0.9151515151515152	NA	NA	NA	NA	NA	NA
same_run_cross_quantifier	directRNA	NanoCount_lr	bambu_lr	SGNex_K562_directRNA_replicate5_run1	SGNex_K562_directRNA_replicate5_run1	all	all	200310	42813	20122	0.4749181089987685	0.4699974306869409	NA	NA	NA	NA	NA	NA
same_run_cross_quantifier	directRNA	NanoCount_lr	bambu_lr	SGNex_K562_directRNA_replicate1_run1	SGNex_K562_directRNA_replicate1_run1	all	all	200310	39549	18694	0.4851063893110698	0.47267946092189433	NA	NA	NA	NA	NA	NA
same_run_cross_quantifier	directRNA	NanoCount_lr	bambu_lr	SGNex_K562_directRNA_replicate4_run1	SGNex_K562_directRNA_replicate4_run1	all	all	200310	44746	20762	0.46866973933385037	0.46399678183524784	NA	NA	NA	NA	NA	NA
same_run_cross_quantifier	directRNA	NanoCount_lr	bambu_lr	SGNex_K562_directRNA_replicate6_run1	SGNex_K562_directRNA_replicate6_run1	all	all	200310	46492	23114	0.4774911525826235	0.49716080185838424	NA	NA	NA	NA	NA	NA
