runname	mix	protocol	method	quantity	n_truth	n_rows_observed	n_positive	observed_fraction	positive_fraction	rank_spearman	median_abs_log10_relative_error	median_signed_log10_relative_error	truth_source	missing_sparse_rows_are_not_zero
allSpikinReadsCombined_SIRV-1_Illumina	SIRV-1	Illumina	rsem_sr	estimates	337	335	72	0.9940652818991098	0.21364985163204747	0.7885429197553916	0.5677492497664783	0.31345826609826544	SG-NEx spikein.rds via phase3a spike_truth.tsv	True
allSpikinReadsCombined_SIRV-1_Illumina	SIRV-1	Illumina	rsem_sr	normEst	337	335	72	0.9940652818991098	0.21364985163204747	0.7885429197553916	0.5677492497664778	0.3134582660982655	SG-NEx spikein.rds via phase3a spike_truth.tsv	True
allSpikinReadsCombined_SIRV-1_Illumina	SIRV-1	Illumina	salmon_sr	estimates	337	332	83	0.9851632047477745	0.24629080118694363	0.6586430633397177	0.6843194163845067	0.2863827091175729	SG-NEx spikein.rds via phase3a spike_truth.tsv	True
allSpikinReadsCombined_SIRV-1_Illumina	SIRV-1	Illumina	salmon_sr	normEst	337	332	83	0.9851632047477745	0.24629080118694363	0.6586430633397177	0.6843194163845062	0.2863827091175722	SG-NEx spikein.rds via phase3a spike_truth.tsv	True
allSpikinReadsCombined_SIRV-1_PacBio_sorted	SIRV-1_PacBio	PacBio	bambu_lr	estimates	337	335	138	0.9940652818991098	0.4094955489614243	0.450881756453641	0.7836489425343752	-0.07327263025655185	SG-NEx spikein.rds via phase3a spike_truth.tsv	True
allSpikinReadsCombined_SIRV-1_PacBio_sorted	SIRV-1_PacBio	PacBio	bambu_lr	normEst	337	335	138	0.9940652818991098	0.4094955489614243	0.450881756453641	0.783648942534375	-0.07327263025655242	SG-NEx spikein.rds via phase3a spike_truth.tsv	True
allSpikinReadsCombined_SIRV-1_cDNA	SIRV-1	cDNA	NanoCount_lr	estimates	337	89	89	0.26409495548961426	0.26409495548961426	0.6487194206246377	0.5732063834852209	0.13136308112201686	SG-NEx spikein.rds via phase3a spike_truth.tsv	True
allSpikinReadsCombined_SIRV-1_cDNA	SIRV-1	cDNA	NanoCount_lr	normEst	337	89	89	0.26409495548961426	0.26409495548961426	0.6487194206246377	0.5732063834852215	0.13136308112201617	SG-NEx spikein.rds via phase3a spike_truth.tsv	True
allSpikinReadsCombined_SIRV-1_cDNA	SIRV-1	cDNA	salmon_lr	estimates	337	332	86	0.9851632047477745	0.2551928783382789	0.6722527078696439	0.6237898018074604	0.199784832106654	SG-NEx spikein.rds via phase3a spike_truth.tsv	True
allSpikinReadsCombined_SIRV-1_cDNA	SIRV-1	cDNA	salmon_lr	normEst	337	332	86	0.9851632047477745	0.2551928783382789	0.6722527078696439	0.6237898018074597	0.19978483210665376	SG-NEx spikein.rds via phase3a spike_truth.tsv	True
allSpikinReadsCombined_SIRV-1_cDNA_sorted	SIRV-1_cDNA	cDNA	bambu_lr	estimates	337	335	105	0.9940652818991098	0.3115727002967359	0.6961654133516781	0.7564003923933327	-0.2495017537762824	SG-NEx spikein.rds via phase3a spike_truth.tsv	True
allSpikinReadsCombined_SIRV-1_cDNA_sorted	SIRV-1_cDNA	cDNA	bambu_lr	normEst	337	335	105	0.9940652818991098	0.3115727002967359	0.6961654133516781	0.7564003923933329	-0.2495017537762823	SG-NEx spikein.rds via phase3a spike_truth.tsv	True
allSpikinReadsCombined_SIRV-1_directRNA	SIRV-1	directRNA	NanoCount_lr	estimates	337	69	69	0.20474777448071216	0.20474777448071216	0.8343135591312324	0.5516281835481018	0.5455095033752196	SG-NEx spikein.rds via phase3a spike_truth.tsv	True
allSpikinReadsCombined_SIRV-1_directRNA	SIRV-1	directRNA	NanoCount_lr	normEst	337	69	69	0.20474777448071216	0.20474777448071216	0.8343135591312324	0.5516281835481026	0.5455095033752215	SG-NEx spikein.rds via phase3a spike_truth.tsv	True
allSpikinReadsCombined_SIRV-1_directRNA	SIRV-1	directRNA	salmon_lr	estimates	337	332	66	0.9851632047477745	0.19584569732937684	0.6002705621384403	0.6142063373842299	0.5720038459106145	SG-NEx spikein.rds via phase3a spike_truth.tsv	True
allSpikinReadsCombined_SIRV-1_directRNA	SIRV-1	directRNA	salmon_lr	normEst	337	332	66	0.9851632047477745	0.19584569732937684	0.6002705621384403	0.6142063373842297	0.5720038459106145	SG-NEx spikein.rds via phase3a spike_truth.tsv	True
allSpikinReadsCombined_SIRV-1_directRNA_sorted	SIRV-1_directRNA	directRNA	bambu_lr	estimates	337	335	65	0.9940652818991098	0.19287833827893175	0.7102764787928103	0.6273822782217979	0.5676694271122367	SG-NEx spikein.rds via phase3a spike_truth.tsv	True
allSpikinReadsCombined_SIRV-1_directRNA_sorted	SIRV-1_directRNA	directRNA	bambu_lr	normEst	337	335	65	0.9940652818991098	0.19287833827893175	0.7102764787928103	0.6273822782217975	0.5676694271122369	SG-NEx spikein.rds via phase3a spike_truth.tsv	True
allSpikinReadsCombined_SIRV-1_directcDNA	SIRV-1	directcDNA	NanoCount_lr	estimates	337	93	93	0.27596439169139464	0.27596439169139464	0.7180321230656066	0.38563478092319614	0.2006270638299804	SG-NEx spikein.rds via phase3a spike_truth.tsv	True
allSpikinReadsCombined_SIRV-1_directcDNA	SIRV-1	directcDNA	NanoCount_lr	normEst	337	93	93	0.27596439169139464	0.27596439169139464	0.7180321230656066	0.38563478092319625	0.20062706382998047	SG-NEx spikein.rds via phase3a spike_truth.tsv	True
allSpikinReadsCombined_SIRV-1_directcDNA	SIRV-1	directcDNA	salmon_lr	estimates	337	332	114	0.9851632047477745	0.33827893175074186	0.8020949239261401	0.5528456692183096	0.18592628846211937	SG-NEx spikein.rds via phase3a spike_truth.tsv	True
allSpikinReadsCombined_SIRV-1_directcDNA	SIRV-1	directcDNA	salmon_lr	normEst	337	332	114	0.9851632047477745	0.33827893175074186	0.8020949239261401	0.5528456692183102	0.18592628846211948	SG-NEx spikein.rds via phase3a spike_truth.tsv	True
allSpikinReadsCombined_SIRV-1_directcDNA_sorted	SIRV-1_directcDNA	directcDNA	bambu_lr	estimates	337	335	121	0.9940652818991098	0.3590504451038576	0.7657025452626007	0.5072623436848704	0.09479764764309194	SG-NEx spikein.rds via phase3a spike_truth.tsv	True
allSpikinReadsCombined_SIRV-1_directcDNA_sorted	SIRV-1_directcDNA	directcDNA	bambu_lr	normEst	337	335	121	0.9940652818991098	0.3590504451038576	0.7657025452626007	0.5072623436848709	0.09479764764309155	SG-NEx spikein.rds via phase3a spike_truth.tsv	True
allSpikinReadsCombined_SIRV-4_Illumina	SIRV-4	Illumina	rsem_sr	estimates	337	335	130	0.9940652818991098	0.3857566765578635	0.7010940870006476	1.012698653695037	0.9762975642400911	SG-NEx spikein.rds via phase3a spike_truth.tsv	True
allSpikinReadsCombined_SIRV-4_Illumina	SIRV-4	Illumina	rsem_sr	normEst	337	335	130	0.9940652818991098	0.3857566765578635	0.7010940870006476	1.012698653695037	0.9762975642400913	SG-NEx spikein.rds via phase3a spike_truth.tsv	True
allSpikinReadsCombined_SIRV-4_Illumina	SIRV-4	Illumina	salmon_sr	estimates	337	332	166	0.9851632047477745	0.49258160237388726	0.8138668234311004	1.0777861419822092	1.0534982944863587	SG-NEx spikein.rds via phase3a spike_truth.tsv	True
allSpikinReadsCombined_SIRV-4_Illumina	SIRV-4	Illumina	salmon_sr	normEst	337	332	166	0.9851632047477745	0.49258160237388726	0.8138668234311004	1.0777861419822097	1.0534982944863591	SG-NEx spikein.rds via phase3a spike_truth.tsv	True
allSpikinReadsCombined_SIRV-4_PacBio	SIRV-4	PacBio	NanoCount_lr	estimates	337	131	131	0.3887240356083086	0.3887240356083086	0.40745658198831397	0.795391253839944	-0.09912520937953528	SG-NEx spikein.rds via phase3a spike_truth.tsv	True
allSpikinReadsCombined_SIRV-4_PacBio	SIRV-4	PacBio	NanoCount_lr	normEst	337	131	131	0.3887240356083086	0.3887240356083086	0.40745658198831397	0.7953912538399438	-0.09912520937953716	SG-NEx spikein.rds via phase3a spike_truth.tsv	True
allSpikinReadsCombined_SIRV-4_PacBio	SIRV-4	PacBio	salmon_lr	estimates	337	332	159	0.9851632047477745	0.47181008902077154	0.4702705267703195	0.8985524743837171	0.00453737289287649	SG-NEx spikein.rds via phase3a spike_truth.tsv	True
allSpikinReadsCombined_SIRV-4_PacBio	SIRV-4	PacBio	salmon_lr	normEst	337	332	159	0.9851632047477745	0.47181008902077154	0.4702705267703195	0.8985524743837153	0.004537372892876681	SG-NEx spikein.rds via phase3a spike_truth.tsv	True
allSpikinReadsCombined_SIRV-4_PacBio_sorted	SIRV-4_PacBio	PacBio	bambu_lr	estimates	337	335	138	0.9940652818991098	0.4094955489614243	0.450881756453641	0.7836489425343752	-0.07327263025655185	SG-NEx spikein.rds via phase3a spike_truth.tsv	True
allSpikinReadsCombined_SIRV-4_PacBio_sorted	SIRV-4_PacBio	PacBio	bambu_lr	normEst	337	335	138	0.9940652818991098	0.4094955489614243	0.450881756453641	0.783648942534375	-0.07327263025655242	SG-NEx spikein.rds via phase3a spike_truth.tsv	True
allSpikinReadsCombined_SIRV-4_cDNA	SIRV-4	cDNA	NanoCount_lr	estimates	337	162	162	0.4807121661721068	0.4807121661721068	0.7133034686918587	1.2565025492128998	1.1814421401317332	SG-NEx spikein.rds via phase3a spike_truth.tsv	True
allSpikinReadsCombined_SIRV-4_cDNA	SIRV-4	cDNA	NanoCount_lr	normEst	337	162	162	0.4807121661721068	0.4807121661721068	0.7133034686918587	1.2565025492129	1.1814421401317337	SG-NEx spikein.rds via phase3a spike_truth.tsv	True
allSpikinReadsCombined_SIRV-4_cDNA	SIRV-4	cDNA	salmon_lr	estimates	337	332	168	0.9851632047477745	0.49851632047477745	0.7177330168302537	1.269973505732767	1.2264241063637449	SG-NEx spikein.rds via phase3a spike_truth.tsv	True
allSpikinReadsCombined_SIRV-4_cDNA	SIRV-4	cDNA	salmon_lr	normEst	337	332	168	0.9851632047477745	0.49851632047477745	0.7177330168302537	1.2699735057327668	1.2264241063637447	SG-NEx spikein.rds via phase3a spike_truth.tsv	True
allSpikinReadsCombined_SIRV-4_cDNA_sorted	SIRV-4_cDNA	cDNA	bambu_lr	estimates	337	335	166	0.9940652818991098	0.49258160237388726	0.6764776033682454	1.2863024591136745	1.2062454834905099	SG-NEx spikein.rds via phase3a spike_truth.tsv	True
allSpikinReadsCombined_SIRV-4_cDNA_sorted	SIRV-4_cDNA	cDNA	bambu_lr	normEst	337	335	166	0.9940652818991098	0.49258160237388726	0.6764776033682454	1.2863024591136751	1.2062454834905094	SG-NEx spikein.rds via phase3a spike_truth.tsv	True
allSpikinReadsCombined_SIRV-4_directRNA	SIRV-4	directRNA	NanoCount_lr	estimates	337	103	103	0.3056379821958457	0.3056379821958457	0.31402109401780764	0.8166112363177668	0.7013888129244604	SG-NEx spikein.rds via phase3a spike_truth.tsv	True
allSpikinReadsCombined_SIRV-4_directRNA	SIRV-4	directRNA	NanoCount_lr	normEst	337	103	103	0.3056379821958457	0.3056379821958457	0.31402109401780764	0.8166112363177668	0.7013888129244612	SG-NEx spikein.rds via phase3a spike_truth.tsv	True
allSpikinReadsCombined_SIRV-4_directRNA	SIRV-4	directRNA	salmon_lr	estimates	337	332	98	0.9851632047477745	0.29080118694362017	0.40473475993359537	0.8453429770320582	0.7080245433749504	SG-NEx spikein.rds via phase3a spike_truth.tsv	True
allSpikinReadsCombined_SIRV-4_directRNA	SIRV-4	directRNA	salmon_lr	normEst	337	332	98	0.9851632047477745	0.29080118694362017	0.40473475993359537	0.8453429770320591	0.7080245433749504	SG-NEx spikein.rds via phase3a spike_truth.tsv	True
allSpikinReadsCombined_SIRV-4_directRNA_sorted	SIRV-4_directRNA	directRNA	bambu_lr	estimates	337	335	102	0.9940652818991098	0.3026706231454006	0.38509057389373796	0.807399227554318	0.7642862068535756	SG-NEx spikein.rds via phase3a spike_truth.tsv	True
allSpikinReadsCombined_SIRV-4_directRNA_sorted	SIRV-4_directRNA	directRNA	bambu_lr	normEst	337	335	102	0.9940652818991098	0.3026706231454006	0.38509057389373796	0.8073992275543184	0.7642862068535754	SG-NEx spikein.rds via phase3a spike_truth.tsv	True
allSpikinReadsCombined_SIRV-4_directcDNA	SIRV-4	directcDNA	NanoCount_lr	estimates	337	148	148	0.4391691394658754	0.4391691394658754	0.6538395140539064	1.2126719616954675	1.1930408168395166	SG-NEx spikein.rds via phase3a spike_truth.tsv	True
allSpikinReadsCombined_SIRV-4_directcDNA	SIRV-4	directcDNA	NanoCount_lr	normEst	337	148	148	0.4391691394658754	0.4391691394658754	0.6538395140539064	1.212671961695468	1.1930408168395163	SG-NEx spikein.rds via phase3a spike_truth.tsv	True
allSpikinReadsCombined_SIRV-4_directcDNA	SIRV-4	directcDNA	salmon_lr	estimates	337	332	151	0.9851632047477745	0.44807121661721067	0.7668608662628011	1.337657405415249	1.3146547655544834	SG-NEx spikein.rds via phase3a spike_truth.tsv	True
allSpikinReadsCombined_SIRV-4_directcDNA	SIRV-4	directcDNA	salmon_lr	normEst	337	332	151	0.9851632047477745	0.44807121661721067	0.7668608662628011	1.3376574054152492	1.3146547655544836	SG-NEx spikein.rds via phase3a spike_truth.tsv	True
allSpikinReadsCombined_SIRV-4_directcDNA_sorted	SIRV-4_directcDNA	directcDNA	bambu_lr	estimates	337	335	160	0.9940652818991098	0.47477744807121663	0.6823869304311841	1.326986886454363	1.3047104920396893	SG-NEx spikein.rds via phase3a spike_truth.tsv	True
allSpikinReadsCombined_SIRV-4_directcDNA_sorted	SIRV-4_directcDNA	directcDNA	bambu_lr	normEst	337	335	160	0.9940652818991098	0.47477744807121663	0.6823869304311841	1.3269868864543635	1.304710492039689	SG-NEx spikein.rds via phase3a spike_truth.tsv	True
allSpikinReadsCombined_sequinMixAV2_Illumina	sequinMixAV2	Illumina	rsem_sr	estimates	337	335	143	0.9940652818991098	0.42433234421364985	-0.00874001028172571	1.6468488131461423	0.8049148220343396	SG-NEx spikein.rds via phase3a spike_truth.tsv	True
allSpikinReadsCombined_sequinMixAV2_Illumina	sequinMixAV2	Illumina	rsem_sr	normEst	337	335	143	0.9940652818991098	0.42433234421364985	-0.00874001028172571	1.6468488131461423	0.8049148220343396	SG-NEx spikein.rds via phase3a spike_truth.tsv	True
allSpikinReadsCombined_sequinMixAV2_Illumina	sequinMixAV2	Illumina	salmon_sr	estimates	337	332	154	0.9851632047477745	0.456973293768546	-0.02345695594274104	1.6511071971598024	0.8087596832939732	SG-NEx spikein.rds via phase3a spike_truth.tsv	True
allSpikinReadsCombined_sequinMixAV2_Illumina	sequinMixAV2	Illumina	salmon_sr	normEst	337	332	154	0.9851632047477745	0.456973293768546	-0.02345695594274104	1.6511071971598028	0.8087596832939734	SG-NEx spikein.rds via phase3a spike_truth.tsv	True
allSpikinReadsCombined_sequinMixAV2_PacBio	sequinMixAV2	PacBio	salmon_lr	estimates	337	332	144	0.9851632047477745	0.42729970326409494	-0.08916930130826843	1.542625594539957	0.5843816758445953	SG-NEx spikein.rds via phase3a spike_truth.tsv	True
allSpikinReadsCombined_sequinMixAV2_PacBio	sequinMixAV2	PacBio	salmon_lr	normEst	337	332	144	0.9851632047477745	0.42729970326409494	-0.08916930130826843	1.5426255945399572	0.5843816758445947	SG-NEx spikein.rds via phase3a spike_truth.tsv	True
allSpikinReadsCombined_sequinMixAV2_cDNA	sequinMixAV2	cDNA	NanoCount_lr	estimates	337	140	140	0.41543026706231456	0.41543026706231456	0.07335227026390137	1.5836100122511334	1.1906930867609957	SG-NEx spikein.rds via phase3a spike_truth.tsv	True
allSpikinReadsCombined_sequinMixAV2_cDNA	sequinMixAV2	cDNA	NanoCount_lr	normEst	337	140	140	0.41543026706231456	0.41543026706231456	0.07335227026390137	1.5836100122511327	1.190693086760995	SG-NEx spikein.rds via phase3a spike_truth.tsv	True
allSpikinReadsCombined_sequinMixAV2_cDNA	sequinMixAV2	cDNA	salmon_lr	estimates	337	332	153	0.9851632047477745	0.4540059347181009	0.013372579791896735	1.5984868953472884	1.0287444044199547	SG-NEx spikein.rds via phase3a spike_truth.tsv	True
allSpikinReadsCombined_sequinMixAV2_cDNA	sequinMixAV2	cDNA	salmon_lr	normEst	337	332	153	0.9851632047477745	0.4540059347181009	0.013372579791896735	1.5984868953472886	1.0287444044199532	SG-NEx spikein.rds via phase3a spike_truth.tsv	True
allSpikinReadsCombined_sequinMixAV2_cDNA_sorted	sequinMixAV2_cDNA	cDNA	bambu_lr	estimates	337	335	144	0.9940652818991098	0.42729970326409494	0.0860026925955359	1.583953905791349	1.181000731940632	SG-NEx spikein.rds via phase3a spike_truth.tsv	True
allSpikinReadsCombined_sequinMixAV2_cDNA_sorted	sequinMixAV2_cDNA	cDNA	bambu_lr	normEst	337	335	144	0.9940652818991098	0.42729970326409494	0.0860026925955359	1.5839539057913494	1.1810007319406317	SG-NEx spikein.rds via phase3a spike_truth.tsv	True
allSpikinReadsCombined_sequinMixAV2_directRNA	sequinMixAV2	directRNA	NanoCount_lr	estimates	337	61	61	0.18100890207715134	0.18100890207715134	-0.059343051974304825	1.9128210147957916	1.9092168897183892	SG-NEx spikein.rds via phase3a spike_truth.tsv	True
allSpikinReadsCombined_sequinMixAV2_directRNA	sequinMixAV2	directRNA	NanoCount_lr	normEst	337	61	61	0.18100890207715134	0.18100890207715134	-0.059343051974304825	1.9128210147957918	1.909216889718389	SG-NEx spikein.rds via phase3a spike_truth.tsv	True
allSpikinReadsCombined_sequinMixAV2_directRNA	sequinMixAV2	directRNA	salmon_lr	estimates	337	332	57	0.9851632047477745	0.16913946587537093	0.0411106063337679	2.035241816654133	2.035241816654133	SG-NEx spikein.rds via phase3a spike_truth.tsv	True
allSpikinReadsCombined_sequinMixAV2_directRNA	sequinMixAV2	directRNA	salmon_lr	normEst	337	332	57	0.9851632047477745	0.16913946587537093	0.0411106063337679	2.035241816654133	2.035241816654133	SG-NEx spikein.rds via phase3a spike_truth.tsv	True
allSpikinReadsCombined_sequinMixAV2_directRNA_sorted	sequinMixAV2_directRNA	directRNA	bambu_lr	estimates	337	335	56	0.9940652818991098	0.1661721068249258	0.08215152821090269	2.1807855356732864	2.1807855356732864	SG-NEx spikein.rds via phase3a spike_truth.tsv	True
allSpikinReadsCombined_sequinMixAV2_directRNA_sorted	sequinMixAV2_directRNA	directRNA	bambu_lr	normEst	337	335	56	0.9940652818991098	0.1661721068249258	0.08215152821090269	2.1807855356732864	2.1807855356732864	SG-NEx spikein.rds via phase3a spike_truth.tsv	True
allSpikinReadsCombined_sequinMixAV2_directcDNA	sequinMixAV2	directcDNA	NanoCount_lr	estimates	337	122	122	0.3620178041543027	0.3620178041543027	0.10927482092724304	1.6058071389801056	1.3771738244881848	SG-NEx spikein.rds via phase3a spike_truth.tsv	True
allSpikinReadsCombined_sequinMixAV2_directcDNA	sequinMixAV2	directcDNA	NanoCount_lr	normEst	337	122	122	0.3620178041543027	0.3620178041543027	0.10927482092724304	1.6058071389801052	1.3771738244881844	SG-NEx spikein.rds via phase3a spike_truth.tsv	True
allSpikinReadsCombined_sequinMixAV2_directcDNA	sequinMixAV2	directcDNA	salmon_lr	estimates	337	332	151	0.9851632047477745	0.44807121661721067	-0.03712697449780291	1.607787771835165	1.0444726491036336	SG-NEx spikein.rds via phase3a spike_truth.tsv	True
allSpikinReadsCombined_sequinMixAV2_directcDNA	sequinMixAV2	directcDNA	salmon_lr	normEst	337	332	151	0.9851632047477745	0.44807121661721067	-0.03712697449780291	1.6077877718351647	1.0444726491036338	SG-NEx spikein.rds via phase3a spike_truth.tsv	True
allSpikinReadsCombined_sequinMixAV2_directcDNA_sorted	sequinMixAV2_directcDNA	directcDNA	bambu_lr	estimates	337	335	145	0.9940652818991098	0.43026706231454004	0.04500914543253554	1.518510973265089	1.131035449023341	SG-NEx spikein.rds via phase3a spike_truth.tsv	True
allSpikinReadsCombined_sequinMixAV2_directcDNA_sorted	sequinMixAV2_directcDNA	directcDNA	bambu_lr	normEst	337	335	145	0.9940652818991098	0.43026706231454004	0.04500914543253554	1.5185109732650888	1.1310354490233414	SG-NEx spikein.rds via phase3a spike_truth.tsv	True
allSpikinReadsCombined_sequinMixAv1.0_Illumina	sequinMixAv1.0	Illumina	rsem_sr	estimates	337	335	135	0.9940652818991098	0.40059347181008903	0.926404815811778	0.37329029531198205	-0.3430039245582328	SG-NEx spikein.rds via phase3a spike_truth.tsv	True
allSpikinReadsCombined_sequinMixAv1.0_Illumina	sequinMixAv1.0	Illumina	rsem_sr	normEst	337	335	135	0.9940652818991098	0.40059347181008903	0.926404815811778	0.3732902953119822	-0.34300392455823303	SG-NEx spikein.rds via phase3a spike_truth.tsv	True
allSpikinReadsCombined_sequinMixAv1.0_Illumina	sequinMixAv1.0	Illumina	salmon_sr	estimates	337	332	156	0.9851632047477745	0.4629080118694362	0.8851193758080581	0.41657873156817654	0.024179573984122068	SG-NEx spikein.rds via phase3a spike_truth.tsv	True
allSpikinReadsCombined_sequinMixAv1.0_Illumina	sequinMixAv1.0	Illumina	salmon_sr	normEst	337	332	156	0.9851632047477745	0.4629080118694362	0.8851193758080581	0.416578731568177	0.024179573984123303	SG-NEx spikein.rds via phase3a spike_truth.tsv	True
allSpikinReadsCombined_sequinMixAv1.0_PacBio	sequinMixAv1.0	PacBio	NanoCount_lr	estimates	337	126	126	0.37388724035608306	0.37388724035608306	-0.030163370574752532	1.4564456456893087	0.7366648047332057	SG-NEx spikein.rds via phase3a spike_truth.tsv	True
allSpikinReadsCombined_sequinMixAv1.0_PacBio	sequinMixAv1.0	PacBio	NanoCount_lr	normEst	337	126	126	0.37388724035608306	0.37388724035608306	-0.030163370574752532	1.4564456456893091	0.7366648047332063	SG-NEx spikein.rds via phase3a spike_truth.tsv	True
allSpikinReadsCombined_sequinMixAv1.0_PacBio_sorted	sequinMixAv1.0_PacBio	PacBio	bambu_lr	estimates	337	335	133	0.9940652818991098	0.39465875370919884	-0.0009351768109358476	1.3968304847098174	0.6695393327547586	SG-NEx spikein.rds via phase3a spike_truth.tsv	True
allSpikinReadsCombined_sequinMixAv1.0_PacBio_sorted	sequinMixAv1.0_PacBio	PacBio	bambu_lr	normEst	337	335	133	0.9940652818991098	0.39465875370919884	-0.0009351768109358476	1.3968304847098172	0.669539332754759	SG-NEx spikein.rds via phase3a spike_truth.tsv	True
allSpikinReadsCombined_sequinMixAv1.0_cDNA	sequinMixAv1.0	cDNA	NanoCount_lr	estimates	337	113	113	0.3353115727002967	0.3353115727002967	0.9045580266169513	0.4427102210525999	-0.2628903647698794	SG-NEx spikein.rds via phase3a spike_truth.tsv	True
allSpikinReadsCombined_sequinMixAv1.0_cDNA	sequinMixAv1.0	cDNA	NanoCount_lr	normEst	337	113	113	0.3353115727002967	0.3353115727002967	0.9045580266169513	0.4427102210525996	-0.262890364769879	SG-NEx spikein.rds via phase3a spike_truth.tsv	True
allSpikinReadsCombined_sequinMixAv1.0_cDNA	sequinMixAv1.0	cDNA	salmon_lr	estimates	337	332	117	0.9851632047477745	0.34718100890207715	0.9344802829043901	0.3480118182007932	-0.1660595787820643	SG-NEx spikein.rds via phase3a spike_truth.tsv	True
allSpikinReadsCombined_sequinMixAv1.0_cDNA	sequinMixAv1.0	cDNA	salmon_lr	normEst	337	332	117	0.9851632047477745	0.34718100890207715	0.9344802829043901	0.3480118182007929	-0.16605957878206365	SG-NEx spikein.rds via phase3a spike_truth.tsv	True
allSpikinReadsCombined_sequinMixAv1.0_cDNA_sorted	sequinMixAv1.0_cDNA	cDNA	bambu_lr	estimates	337	335	116	0.9940652818991098	0.34421364985163205	0.9445846661670007	0.3351731264822763	-0.11600734034930973	SG-NEx spikein.rds via phase3a spike_truth.tsv	True
allSpikinReadsCombined_sequinMixAv1.0_cDNA_sorted	sequinMixAv1.0_cDNA	cDNA	bambu_lr	normEst	337	335	116	0.9940652818991098	0.34421364985163205	0.9445846661670007	0.335173126482276	-0.11600734034930882	SG-NEx spikein.rds via phase3a spike_truth.tsv	True
allSpikinReadsCombined_sequinMixAv1.0_directRNA	sequinMixAv1.0	directRNA	NanoCount_lr	estimates	337	49	49	0.14540059347181009	0.14540059347181009	0.9049712520548282	0.2290524729604697	0.15231109025069903	SG-NEx spikein.rds via phase3a spike_truth.tsv	True
allSpikinReadsCombined_sequinMixAv1.0_directRNA	sequinMixAv1.0	directRNA	NanoCount_lr	normEst	337	49	49	0.14540059347181009	0.14540059347181009	0.9049712520548282	0.22905247296046832	0.15231109025069875	SG-NEx spikein.rds via phase3a spike_truth.tsv	True
allSpikinReadsCombined_sequinMixAv1.0_directRNA	sequinMixAv1.0	directRNA	salmon_lr	estimates	337	332	49	0.9851632047477745	0.14540059347181009	0.8992392160787601	0.20070045867819197	0.15579184804496632	SG-NEx spikein.rds via phase3a spike_truth.tsv	True
allSpikinReadsCombined_sequinMixAv1.0_directRNA	sequinMixAv1.0	directRNA	salmon_lr	normEst	337	332	49	0.9851632047477745	0.14540059347181009	0.8992392160787601	0.20070045867819208	0.1557918480449664	SG-NEx spikein.rds via phase3a spike_truth.tsv	True
allSpikinReadsCombined_sequinMixAv1.0_directRNA_sorted	sequinMixAv1.0_directRNA	directRNA	bambu_lr	estimates	337	335	50	0.9940652818991098	0.14836795252225518	0.9138868573858078	0.2077090003309676	0.14834495717466392	SG-NEx spikein.rds via phase3a spike_truth.tsv	True
allSpikinReadsCombined_sequinMixAv1.0_directRNA_sorted	sequinMixAv1.0_directRNA	directRNA	bambu_lr	normEst	337	335	50	0.9940652818991098	0.14836795252225518	0.9138868573858078	0.20770900033096776	0.14834495717466462	SG-NEx spikein.rds via phase3a spike_truth.tsv	True
allSpikinReadsCombined_sequinMixAv1.0_directcDNA	sequinMixAv1.0	directcDNA	NanoCount_lr	estimates	337	101	101	0.2997032640949555	0.2997032640949555	0.9407289116904707	0.3246671279316604	-0.2016635533617944	SG-NEx spikein.rds via phase3a spike_truth.tsv	True
allSpikinReadsCombined_sequinMixAv1.0_directcDNA	sequinMixAv1.0	directcDNA	NanoCount_lr	normEst	337	101	101	0.2997032640949555	0.2997032640949555	0.9407289116904707	0.32466712793165964	-0.2016635533617954	SG-NEx spikein.rds via phase3a spike_truth.tsv	True
allSpikinReadsCombined_sequinMixAv1.0_directcDNA	sequinMixAv1.0	directcDNA	salmon_lr	estimates	337	332	121	0.9851632047477745	0.3590504451038576	0.9659923492145932	0.26980357330073645	0.016155696185645167	SG-NEx spikein.rds via phase3a spike_truth.tsv	True
allSpikinReadsCombined_sequinMixAv1.0_directcDNA	sequinMixAv1.0	directcDNA	salmon_lr	normEst	337	332	121	0.9851632047477745	0.3590504451038576	0.9659923492145932	0.269803573300736	0.016155696185645257	SG-NEx spikein.rds via phase3a spike_truth.tsv	True
allSpikinReadsCombined_sequinMixAv1.0_directcDNA_sorted	sequinMixAv1.0_directcDNA	directcDNA	bambu_lr	estimates	337	335	118	0.9940652818991098	0.35014836795252224	0.9721694580578513	0.24400561400182302	-0.03847126422049754	SG-NEx spikein.rds via phase3a spike_truth.tsv	True
allSpikinReadsCombined_sequinMixAv1.0_directcDNA_sorted	sequinMixAv1.0_directcDNA	directcDNA	bambu_lr	normEst	337	335	118	0.9940652818991098	0.35014836795252224	0.9721694580578513	0.24400561400182275	-0.03847126422049752	SG-NEx spikein.rds via phase3a spike_truth.tsv	True
