work_id	citation	year	permanent_url	research_question	technologies	biological_system	ground_truth	analysis_level	rna_structure_included	structure_type	measurement_error_modeled	cross_platform	technology_specific	predictive_or_descriptive	independent_external_validation	software_tool	closest_overlap	remaining_difference	evidence_depth	accessed
P01	Li et al. Improving gene isoform quantification with miniQuant. Nature Biotechnology	2025	https://doi.org/10.1038/s41587-025-02633-9	Quantification difficulty and hybrid read integration	Short-read; ONT; PacBio	Human; consortium data; simulations	Simulations; spike-ins; experimental comparisons	Gene K-value; transcript abundance	No molecular structure input identified	Exon-isoform structure is not RNA folding	Yes; truth benchmarks plus real-data proxies	Yes	Read-length/data specific	Predictive mathematical difficulty; quantifier	Multiple public cohorts; not our frozen structural test	https://github.com/Augroup/miniQuant	Identifiability risk and assay-design usefulness already addressed	Measured in-vivo reactivity increment after K/rank controls not established	Primary paper sections and repository	2026-09-22
P02	Price A; Garhyan J; Gibas C. The impact of RNA secondary structure on read start locations on the Illumina sequencing platform. PLoS ONE	2017	https://doi.org/10.1371/journal.pone.0173023	Local structure and GC/read-start bias	Illumina; PARS	Three bacterial species	PARS versus control RNA-seq; not endogenous absolute abundance truth	Nucleotide/gene	Yes	Experimental PARS and computational comparison; not matched human in-vivo icSHAPE	Bias association; not absolute transcript error	No major-platform comparison identified	Illumina	Mainly descriptive; local computational analyses	Across organisms; prospective independent structural predictor not established	Data available; software status unverified	Experimental structure already associated with sequencing behavior	Human isoforms; identifiability-adjusted multi-protocol increment; external freeze	Primary abstract/results excerpts	2026-09-22
P03	Su Q et al. Deep structural clustering reveals hidden systematic biases in RNA sequencing data. Genome Research 35:2563-2577	2025	https://doi.org/10.1101/gr.280713.125	Local sequence/structural representations and sequencing efficiency	RNA-seq; exact protocol range requires supplement audit	Synthetic constructs; human cells/tissues	Synthetic constructs; observed read counts	Local k-mers/regions	Yes	Sequence-derived MFE and learned representations; no icSHAPE input identified	Local sequencing bias modeling	Major-platform comparison not established	Protocol applicability requires further audit	VAE-GMM clustering and sequencing simulation	Multiple systems; independence of every test split unverified	https://github.com/QiangSu/VAE-clustering	Very close molecular/local bias modeling	Independent measured in-vivo structure increment beyond identifiability not demonstrated in inspected sections	Primary full-text sections/software	2026-09-22
P04	Brooks TG et al. Sources of non-uniform coverage in short-read RNA-Seq data; journal update A systematic evaluation of the sources of nonuniform coverage in RNA-seq and limitations of current practices	2025;2026	https://doi.org/10.1101/2025.01.30.634337	Sources of nonuniform coverage and structure contribution	Short-read RNA-seq; varied preparation	Mouse tissues; public human reference data	Targeted protocol experiments; not absolute transcript truth	Local coverage; selected genes	Yes	Computational inferred structure; experimental protocol perturbation	Coverage nonuniformity	Protocol comparisons; not ONT/PacBio benchmark	Yes	Descriptive experiments; alpine predictor extension	Public and new datasets; not locked external D>C	alpine extension; exact archived code audit pending	Reported predicted-structure null directly challenges premise	Experimental in-vivo reactivity and multi-protocol transcript endpoint remain different	Preprint primary sections; journal update DOI 10.1261/rna.080852.125 from PubMed; journal text unresolved	2026-09-22
P05	Chen Y; Davidson NM; Wan YK et al. A systematic benchmark of Nanopore long-read RNA sequencing for transcript-level analysis in human cell lines. Nature Methods 22:801-812	2025	https://doi.org/10.1038/s41592-025-02623-4	Cross-protocol transcript analysis benchmark	Illumina; ONT directRNA/directcDNA/PCRcDNA; PacBio IsoSeq	Seven core human cell lines	Spike-ins; selected dPCR; endogenous comparisons not universal truth	Transcript/gene/read	No matched icSHAPE in inspected methods	NA	Spike-in error; endogenous agreement	Yes	Yes	Mainly benchmark/descriptive	Additional resources; not our external predictive design	https://github.com/GoekeLab/sg-nex-data	Same development data and many candidate phenotypes	Structure increment and untouched independent prediction not established	Primary abstract/methods; sample manifests; S3 catalog	2026-09-22
P06	Love MI; Hogenesch JB; Irizarry RA. Modeling of RNA-seq fragment sequence bias reduces systematic errors in transcript abundance estimation. Nature Biotechnology	2016	https://doi.org/10.1038/nbt.3682	Fragment bias correction for transcript quantification	Short-read RNA-seq	Experimental RNA-seq and simulations	Simulation; technical contrasts	Fragment/transcript	No measured structure identified	NA	Yes	Cross-sample; major-platform generalization not established	Sample-specific bias	Predictive generative fragment model; correction	Evaluations on datasets; not locked multi-platform structure test	alpine Bioconductor	Strong sequence/position/GC baseline	Measured structure after ambiguity controls; external protocol behavior	Primary abstract/method excerpts	2026-09-22
P07	Patro R et al. Salmon: fast and bias-aware quantification of transcript expression. Nature Methods	2017	https://pmc.ncbi.nlm.nih.gov/articles/PMC5600148/	Fast quantification with fragment bias correction	Short-read RNA-seq	Real and simulated transcriptomes	Simulated abundance; biological evaluations	Transcript/fragment	No measured structure input identified	NA	Yes	Not central	Library/sample-specific bias	Predictive generative quantifier	Multiple evaluations; our frozen external test absent	Salmon	Sequence and GC corrections must not be rediscovered as structure effects	Explicit measured structure incremental protocol-disagreement prediction	Primary methods excerpt	2026-09-22
P08	Zheng H; Ma C; Kingsford C. Deriving Ranges of Optimal Estimated Transcript Expression due to Nonidentifiability. Journal of Computational Biology	2022	https://doi.org/10.1089/cmb.2021.0444	Ranges of equally optimal transcript estimates	RNA-seq / splice-graph inference	Human Body Map and DE datasets	Mathematical optima; not absolute biological truth	Transcript and local splicing	No folding input	NA	Nonidentifiability uncertainty, not all errors	No dedicated platform comparison	Read/annotation constraints	Mathematical inference	Multiple real datasets; not our predictive external test	https://github.com/Kingsford-Group/subgraphquant	Ambiguity beyond bootstrap variance; incomplete annotation	Molecular predictors cannot replace these uncertainty controls	Primary publication metadata/conclusion	2026-09-22
P09	Boivin V et al. Reducing the structure bias of RNA-Seq reveals a large number of non-annotated non-coding RNA. Nucleic Acids Research	2020	https://doi.org/10.1093/nar/gkaa028	Recover RNAs missed by structure-sensitive RT	RNA-seq with low-structure-bias RT	Human cells/tissues; small ncRNAs	Experimental validation of candidate ncRNAs	Gene/transcript	Yes	Sequence/structural characterization; in-vivo probing increment not established	Detection bias	Protocol contrast	Yes	Experimental/descriptive	Multiple contexts; not locked predictor	Software status unverified	Biological effects of RT structure bias already known	Long transcript isoforms; adjusted incremental prediction	Primary PubMed abstract	2026-09-22
P10	Sun L et al. Predicting dynamic cellular protein-RNA interactions by deep learning using in vivo RNA structures. Cell Research	2021	https://doi.org/10.1038/s41422-021-00476-y	Sequence plus measured structure predicts RBP interactions	icSHAPE; CLIP-seq	Human cell contexts; mouse	RBP binding assays and experiments	Binding sites/transcripts	Yes	Experimental in-vivo icSHAPE; predicted/shuffled comparators	No RNA quantification-error endpoint	Assay integration; not RNA-platform disagreement	RBP/context-specific	Predictive deep learning	Cross-context/experimental evaluation for different target	https://github.com/kuixu/PrismNet	Incremental sequence-plus-structure design and source data	Target is RBP binding, not transcript measurement behavior	Primary methods/abstract; GEO; repository	2026-09-22
P11	Roberts A et al. Improving RNA-Seq expression estimates by correcting for fragment bias. Genome Biology 12:R22	2011	https://doi.org/10.1186/gb-2011-12-3-r22	Sequence-dependent fragment bias correction	RNA-seq across libraries/technologies	RNA-seq with qRT-PCR comparisons	Independent qRT-PCR, with its own limitations	Transcript/fragment	No measured in-vivo structure identified	NA	Yes	Yes in evaluation	Library-specific	Predictive bias correction	Independent assay comparisons; not our structural test	Cufflinks	Bias correction and replicability are prior art	Experimental structure increment beyond identifiability	Primary abstract/publication record	2026-09-22
P12	Schulz L et al. Direct long-read RNA sequencing identifies a subset of questionable exitrons likely arising from reverse transcription artifacts. Genome Biology	2021	https://doi.org/10.1186/s13059-021-02411-1	Distinguish cDNA artifacts from apparent splicing	ONT directRNA and cDNA	Human; SG-NEx and consortium data	Protocol contrasts; no universal splice truth	Splicing/regions	Mechanistic structure possible; input details unverified	Unknown	Artifact detection	Yes by protocol	Yes	Descriptive/artifact analysis	Multiple resources; exact independence unverified	Code status unverified	SG-NEx-using work on local technology artifacts	Not a verified nested measured-structure prediction study	Primary abstract; SG-NEx curated use list	2026-09-22
P13	Enhancing transcriptome expression quantification through accurate assignment of long RNA sequencing reads with TranSigner. Genome Research	2024	https://pmc.ncbi.nlm.nih.gov/articles/PMC11343119/	Improve long-read transcript assignment	ONT long-read RNA	SG-NEx human cell lines; simulations	Sequins and simulations	Transcript	No measured structure input identified	NA	Yes	Method comparisons	Long-read-specific	Probabilistic quantifier	Multiple datasets; split independence unverified	TranSigner	Existing assignment/quantification explanation of disagreement	Not residual experimental structure prediction	Primary methods excerpt	2026-09-22
P14	Long-read sequencing transcriptome quantification with lr-kallisto. PLoS Computational Biology	2025	https://doi.org/10.1371/journal.pcbi.1013692	Long-read transcript quantification	Long-read and short-read comparisons	SG-NEx HCT116; LRGASP; IGVF	Simulation and empirical comparisons	Transcript	No measured folding input identified	NA	Yes	Yes	Long-read algorithm	Quantifier	Multiple external resources; not our locked D>C	https://github.com/pachterlab/kallisto	Quantifier choice and version can alter phenotype	Predicting protocol disagreement using independent structure	Primary data-availability/method excerpt	2026-09-22
P15	RASP: an atlas of transcriptome-wide RNA secondary structure probing data. Nucleic Acids Research	2021	https://doi.org/10.1093/nar/gkaa880	Collect and visualize experimental probing	Multiple structure assays	Multiple species	Source assay measurements	Nucleotide/transcript	Yes	Experimental data atlas	No sequencing-reliability endpoint	Across probing assays	Assay metadata	Resource/descriptive	Not applicable predictive validation	http://rasp.zhanglab.net	Existing RNA structure explorer; not novel to expose scores	Validated measurement-risk evidence is a different target	Primary abstract	2026-09-22
P16	US9909175B2. Analysing sequencing bias	2018	https://patents.google.com/patent/US9909175B2/en	Sequence/structure-dependent library bias and adapters	Small-RNA library sequencing	Synthetic oligonucleotides	Synthetic random RNA controls	Sequence/fragment	Yes	Predicted folds and adapter interactions	Bias detection/correction	Not central	Library-specific	Experimental/method invention	Not our external predictive design	Patent; not a research software benchmark	Structure and sequencing-bias concept already disclosed	No verified human icSHAPE/identifiability/external combination; no legal opinion	Public patent description; no claim-scope legal audit	2026-09-22
P17	EP4482977A1. Single-molecule RNA structure profiling	2024	https://patents.google.com/patent/EP4482977A1/en	Measure RNA structure using modified RNA and single-molecule sequencing	Chemical probing; consensus sequencing	RNA molecules	Chemical mutation profiles	Nucleotide/molecule	Yes	Experimental profiling	Structure measurement; not transcript abundance behavior	Not central	Assay-specific	Measurement invention	Unknown	Patent	Structure assay technology prior art	Does not establish our incremental measurement-behavior hypothesis	Public patent claims excerpt	2026-09-22
P18	Utilising Nanopore direct RNA sequencing of blood from patients with sepsis for discovery of co- and post-transcriptional disease biomarkers. medRxiv	2024	https://doi.org/10.1101/2024.12.13.24318230	Cross-platform profiling of blood RNA	ONT directRNA; Illumina	Human blood	No absolute transcript truth identified	Gene/transcript	No probing input identified	NA	Agreement; not absolute error	Yes	Yes	Descriptive comparison	Not locked independent structure validation	Pipeline comparison; code status unverified	Platform agreement and quantifier dependence	Clinical application is outside scope; no incremental structural prediction	Primary preprint abstract; no clinical conclusions adopted	2026-09-22
P19	Genomic language model mitigates chimera artifacts in nanopore direct RNA sequencing. Nature Communications	2026	https://doi.org/10.1038/s41467-026-68571-5	Identify chimeric artifacts in direct RNA reads	ONT directRNA	SG-NEx human cells	Exact truth construction requires full review	Read/region	No independent probing input identified	Sequence language model	Artifact detection	Not established	Yes	Predictive	Independent split details unresolved	DeepChopper	Recent SG-NEx-using local molecular artifact predictor	Not verified transcript-level structure increment beyond identifiability	Primary indexed methods excerpt	2026-09-22
P20	IsoAtlas: Visual interpretation of known and novel transcript isoforms using population-scale long-read evidence. bioRxiv	2026	https://doi.org/10.64898/2026.08.12.744438	Visualize support across contexts/platforms	Long-read collections	Human/mouse contexts	Observed read support, not universal truth	Transcript	Transcript architecture; not folding	NA	No primary quantification-error model identified	Yes evidence aggregation	Metadata-specific	Web resource/descriptive	Not our external structure predictor	https://isoatlas.org	Explorer and platform-support presentation already exist	Validated incremental molecular-risk prediction remains different	Primary preprint abstract excerpt	2026-09-22
P21	Blind spots of quantitative RNA-seq: the limits for assessing abundance, differential expression, and isoform switching	2013	https://pubmed.ncbi.nlm.nih.gov/24365034/	Which transcripts escape reliable quantification	Short-read RNA-seq	Human transcriptome/simulations	Simulation; workflow assessments	Gene/transcript	No measured structure input identified	NA	Yes	Workflow comparisons	Protocol-dependent	Descriptive and simulation	External predictive validation unverified	Software details unverified	Detectability, sequence repetition and isoform complexity	Measured in-vivo incremental multi-platform validation	Primary abstract	2026-09-22
